pixel,flux_adu
0.000000000000000000e+00,4.384999999999986358e+02
1.000000000000000000e+00,4.384999999999986358e+02
2.000000000000000000e+00,4.465000000000004547e+02
3.000000000000000000e+00,5.335000000000011369e+02
4.000000000000000000e+00,4.614999999999997726e+02
5.000000000000000000e+00,4.615000000000015916e+02
6.000000000000000000e+00,6.000000000000009095e+02
7.000000000000000000e+00,5.359999999999993179e+02
8.000000000000000000e+00,5.375000000000002274e+02
9.000000000000000000e+00,4.965000000000002274e+02
1.000000000000000000e+01,4.774999999999984084e+02
1.100000000000000000e+01,4.080000000000000000e+02
1.200000000000000000e+01,4.299999999999990905e+02
1.300000000000000000e+01,4.075000000000006821e+02
1.400000000000000000e+01,4.824999999999997726e+02
1.500000000000000000e+01,6.025000000000004547e+02
1.600000000000000000e+01,5.089999999999995453e+02
1.700000000000000000e+01,3.799999999999990905e+02
1.800000000000000000e+01,4.970000000000009663e+02
1.900000000000000000e+01,5.455000000000015916e+02
2.000000000000000000e+01,5.389999999999990905e+02
2.100000000000000000e+01,4.605000000000011369e+02
2.200000000000000000e+01,4.285000000000009095e+02
2.300000000000000000e+01,4.864999999999988631e+02
2.400000000000000000e+01,5.545000000000011369e+02
2.500000000000000000e+01,5.345000000000015916e+02
2.600000000000000000e+01,6.199999999999984084e+02
2.700000000000000000e+01,6.530000000000006821e+02
2.800000000000000000e+01,6.405000000000002274e+02
2.900000000000000000e+01,6.760000000000006821e+02
3.000000000000000000e+01,5.389999999999988631e+02
3.100000000000000000e+01,4.669999999999990905e+02
3.200000000000000000e+01,4.504999999999995453e+02
3.300000000000000000e+01,4.720000000000006821e+02
3.400000000000000000e+01,4.729999999999993179e+02
3.500000000000000000e+01,5.264999999999995453e+02
3.600000000000000000e+01,5.175000000000009095e+02
3.700000000000000000e+01,5.784999999999984084e+02
3.800000000000000000e+01,6.000000000000000000e+02
3.900000000000000000e+01,6.850000000000002274e+02
4.000000000000000000e+01,5.610000000000006821e+02
4.100000000000000000e+01,4.930000000000008527e+02
4.200000000000000000e+01,5.620000000000013642e+02
4.300000000000000000e+01,5.184999999999988631e+02
4.400000000000000000e+01,5.849999999999995453e+02
4.500000000000000000e+01,5.625000000000000000e+02
4.600000000000000000e+01,4.965000000000015916e+02
4.700000000000000000e+01,4.644999999999988631e+02
4.800000000000000000e+01,5.415000000000002274e+02
4.900000000000000000e+01,5.414999999999995453e+02
5.000000000000000000e+01,4.764999999999986358e+02
5.100000000000000000e+01,5.659999999999984084e+02
5.200000000000000000e+01,6.335000000000004547e+02
5.300000000000000000e+01,6.374999999999986358e+02
5.400000000000000000e+01,6.025000000000006821e+02
5.500000000000000000e+01,6.309999999999990905e+02
5.600000000000000000e+01,6.954999999999986358e+02
5.700000000000000000e+01,7.144999999999984084e+02
5.800000000000000000e+01,7.355000000000009095e+02
5.900000000000000000e+01,6.335000000000006821e+02
6.000000000000000000e+01,5.080000000000011937e+02
6.100000000000000000e+01,4.985000000000006821e+02
6.200000000000000000e+01,4.489999999999990905e+02
6.300000000000000000e+01,5.730000000000015916e+02
6.400000000000000000e+01,6.584999999999986358e+02
6.500000000000000000e+01,7.509999999999997726e+02
6.600000000000000000e+01,7.010000000000015916e+02
6.700000000000000000e+01,6.240000000000009095e+02
6.800000000000000000e+01,6.189999999999986358e+02
6.900000000000000000e+01,5.665000000000013642e+02
7.000000000000000000e+01,7.285000000000004547e+02
7.100000000000000000e+01,7.825000000000006821e+02
7.200000000000000000e+01,7.300000000000009095e+02
7.300000000000000000e+01,6.600000000000004547e+02
7.400000000000000000e+01,5.909999999999988631e+02
7.500000000000000000e+01,5.655000000000006821e+02
7.600000000000000000e+01,4.590000000000000000e+02
7.700000000000000000e+01,5.559999999999990905e+02
7.800000000000000000e+01,5.930000000000009095e+02
7.900000000000000000e+01,6.844999999999990905e+02
8.000000000000000000e+01,6.620000000000006821e+02
8.100000000000000000e+01,5.334999999999995453e+02
8.200000000000000000e+01,6.339999999999986358e+02
8.300000000000000000e+01,8.044999999999990905e+02
8.400000000000000000e+01,8.865000000000011369e+02
8.500000000000000000e+01,8.134999999999988631e+02
8.600000000000000000e+01,5.404999999999993179e+02
8.700000000000000000e+01,5.345000000000015916e+02
8.800000000000000000e+01,6.184999999999986358e+02
8.900000000000000000e+01,5.389999999999988631e+02
9.000000000000000000e+01,5.489999999999986358e+02
9.100000000000000000e+01,6.004999999999986358e+02
9.200000000000000000e+01,6.415000000000015916e+02
9.300000000000000000e+01,6.899999999999990905e+02
9.400000000000000000e+01,8.429999999999984084e+02
9.500000000000000000e+01,8.949999999999997726e+02
9.600000000000000000e+01,8.795000000000011369e+02
9.700000000000000000e+01,7.404999999999997726e+02
9.800000000000000000e+01,8.565000000000002274e+02
9.900000000000000000e+01,9.335000000000009095e+02
1.000000000000000000e+02,8.585000000000002274e+02
1.010000000000000000e+02,7.284999999999993179e+02
1.020000000000000000e+02,6.989999999999995453e+02
1.030000000000000000e+02,8.595000000000013642e+02
1.040000000000000000e+02,8.654999999999988631e+02
1.050000000000000000e+02,9.519999999999986358e+02
1.060000000000000000e+02,1.018000000000001592e+03
1.070000000000000000e+02,8.845000000000011369e+02
1.080000000000000000e+02,7.725000000000015916e+02
1.090000000000000000e+02,9.485000000000015916e+02
1.100000000000000000e+02,8.035000000000009095e+02
1.110000000000000000e+02,7.268965517241372254e+02
1.120000000000000000e+02,9.575000000000009095e+02
1.130000000000000000e+02,1.183000000000001592e+03
1.140000000000000000e+02,1.029999999999998408e+03
1.150000000000000000e+02,8.884999999999988631e+02
1.160000000000000000e+02,9.254999999999988631e+02
1.170000000000000000e+02,8.905000000000013642e+02
1.180000000000000000e+02,8.585000000000006821e+02
1.190000000000000000e+02,9.105000000000000000e+02
1.200000000000000000e+02,9.054999999999993179e+02
1.210000000000000000e+02,7.530000000000002274e+02
1.220000000000000000e+02,7.619999999999997726e+02
1.230000000000000000e+02,8.180000000000000000e+02
1.240000000000000000e+02,8.490000000000009095e+02
1.250000000000000000e+02,8.285000000000015916e+02
1.260000000000000000e+02,7.640000000000002274e+02
1.270000000000000000e+02,6.190000000000002274e+02
1.280000000000000000e+02,6.719999999999990905e+02
1.290000000000000000e+02,8.235000000000002274e+02
1.300000000000000000e+02,8.740000000000002274e+02
1.310000000000000000e+02,8.324999999999997726e+02
1.320000000000000000e+02,7.474999999999984084e+02
1.330000000000000000e+02,7.519999999999995453e+02
1.340000000000000000e+02,7.525000000000004547e+02
1.350000000000000000e+02,7.804999999999984084e+02
1.360000000000000000e+02,9.304999999999997726e+02
1.370000000000000000e+02,9.094999999999988631e+02
1.380000000000000000e+02,9.204999999999986358e+02
1.390000000000000000e+02,1.138000000000001137e+03
1.400000000000000000e+02,1.226499999999999545e+03
1.410000000000000000e+02,1.260999999999998408e+03
1.420000000000000000e+02,1.403999999999998408e+03
1.430000000000000000e+02,1.409500000000001137e+03
1.440000000000000000e+02,1.396000000000001592e+03
1.450000000000000000e+02,1.372000000000000000e+03
1.460000000000000000e+02,1.386499999999999545e+03
1.470000000000000000e+02,1.254999999999998408e+03
1.480000000000000000e+02,1.193999999999999091e+03
1.490000000000000000e+02,1.175000000000001592e+03
1.500000000000000000e+02,8.844999999999993179e+02
1.510000000000000000e+02,7.610000000000013642e+02
1.520000000000000000e+02,8.230000000000002274e+02
1.530000000000000000e+02,8.295000000000011369e+02
1.540000000000000000e+02,7.235000000000006821e+02
1.550000000000000000e+02,7.320000000000006821e+02
1.560000000000000000e+02,6.464999999999988631e+02
1.570000000000000000e+02,7.710000000000002274e+02
1.580000000000000000e+02,7.575000000000002274e+02
1.590000000000000000e+02,7.545000000000009095e+02
1.600000000000000000e+02,6.675000000000015916e+02
1.610000000000000000e+02,7.089999999999997726e+02
1.620000000000000000e+02,7.570000000000000000e+02
1.630000000000000000e+02,8.110000000000000000e+02
1.640000000000000000e+02,7.905172413793104624e+02
1.650000000000000000e+02,7.844999999999990905e+02
1.660000000000000000e+02,9.139999999999988631e+02
1.670000000000000000e+02,8.434999999999995453e+02
1.680000000000000000e+02,9.889999999999989768e+02
1.690000000000000000e+02,9.739999999999996589e+02
1.700000000000000000e+02,8.344999999999984084e+02
1.710000000000000000e+02,8.999999999999988631e+02
1.720000000000000000e+02,9.154999999999988631e+02
1.730000000000000000e+02,9.039999999999984084e+02
1.740000000000000000e+02,9.280000000000009095e+02
1.750000000000000000e+02,9.380000000000009095e+02
1.760000000000000000e+02,9.645000000000017053e+02
1.770000000000000000e+02,1.134000000000001364e+03
1.780000000000000000e+02,1.434000000000001592e+03
1.790000000000000000e+02,1.515499999999999091e+03
1.800000000000000000e+02,1.562499999999999091e+03
1.810000000000000000e+02,1.472500000000001364e+03
1.820000000000000000e+02,1.537500000000001592e+03
1.830000000000000000e+02,1.438499999999999773e+03
1.840000000000000000e+02,1.313499999999999545e+03
1.850000000000000000e+02,1.416999999999999091e+03
1.860000000000000000e+02,1.286500000000001364e+03
1.870000000000000000e+02,1.116000000000000227e+03
1.880000000000000000e+02,1.033000000000000227e+03
1.890000000000000000e+02,8.929999999999986358e+02
1.900000000000000000e+02,8.329999999999986358e+02
1.910000000000000000e+02,8.659999999999988631e+02
1.920000000000000000e+02,8.125000000000000000e+02
1.930000000000000000e+02,8.560000000000015916e+02
1.940000000000000000e+02,9.084999999999997726e+02
1.950000000000000000e+02,1.046499999999999318e+03
1.960000000000000000e+02,9.284999999999986358e+02
1.970000000000000000e+02,9.090000000000000000e+02
1.980000000000000000e+02,8.075000000000006821e+02
1.990000000000000000e+02,8.714999999999984084e+02
2.000000000000000000e+02,8.410000000000002274e+02
2.010000000000000000e+02,8.950000000000015916e+02
2.020000000000000000e+02,9.949999999999993179e+02
2.030000000000000000e+02,1.013999999999998863e+03
2.040000000000000000e+02,9.599999999999997726e+02
2.050000000000000000e+02,1.087999999999999773e+03
2.060000000000000000e+02,1.192499999999999318e+03
2.070000000000000000e+02,1.505999999999999773e+03
2.080000000000000000e+02,1.597999999999999545e+03
2.090000000000000000e+02,1.529499999999998636e+03
2.100000000000000000e+02,1.454000000000000682e+03
2.110000000000000000e+02,1.498999999999999318e+03
2.120000000000000000e+02,1.547500000000000909e+03
2.130000000000000000e+02,1.319000000000000455e+03
2.140000000000000000e+02,1.254500000000000909e+03
2.150000000000000000e+02,1.118499999999999318e+03
2.160000000000000000e+02,8.590000000000004547e+02
2.170000000000000000e+02,6.494999999999997726e+02
2.180000000000000000e+02,5.865000000000011369e+02
2.190000000000000000e+02,6.184999999999986358e+02
2.200000000000000000e+02,7.109999999999986358e+02
2.210000000000000000e+02,7.474999999999986358e+02
2.220000000000000000e+02,7.304999999999995453e+02
2.230000000000000000e+02,7.700000000000002274e+02
2.240000000000000000e+02,7.409999999999997726e+02
2.250000000000000000e+02,7.310000000000004547e+02
2.260000000000000000e+02,7.269999999999993179e+02
2.270000000000000000e+02,8.215000000000006821e+02
2.280000000000000000e+02,9.284999999999997726e+02
2.290000000000000000e+02,8.704999999999986358e+02
2.300000000000000000e+02,7.584999999999984084e+02
2.310000000000000000e+02,8.399999999999988631e+02
2.320000000000000000e+02,8.205000000000006821e+02
2.330000000000000000e+02,9.570000000000000000e+02
2.340000000000000000e+02,1.085500000000000000e+03
2.350000000000000000e+02,1.157499999999999773e+03
2.360000000000000000e+02,1.216499999999999091e+03
2.370000000000000000e+02,1.140000000000000000e+03
2.380000000000000000e+02,1.023999999999998863e+03
2.390000000000000000e+02,1.098500000000000000e+03
2.400000000000000000e+02,1.134500000000001137e+03
2.410000000000000000e+02,1.015000000000001137e+03
2.420000000000000000e+02,8.789999999999988631e+02
2.430000000000000000e+02,8.964999999999984084e+02
2.440000000000000000e+02,7.235000000000000000e+02
2.450000000000000000e+02,5.755000000000011369e+02
2.460000000000000000e+02,5.290000000000013642e+02
2.470000000000000000e+02,6.649999999999986358e+02
2.480000000000000000e+02,6.680000000000002274e+02
2.490000000000000000e+02,6.435000000000000000e+02
2.500000000000000000e+02,6.555000000000000000e+02
2.510000000000000000e+02,6.780000000000004547e+02
2.520000000000000000e+02,7.845000000000006821e+02
2.530000000000000000e+02,5.905000000000006821e+02
2.540000000000000000e+02,4.830000000000013074e+02
2.550000000000000000e+02,6.464999999999997726e+02
2.560000000000000000e+02,7.870000000000002274e+02
2.570000000000000000e+02,7.535000000000002274e+02
2.580000000000000000e+02,7.629999999999990905e+02
2.590000000000000000e+02,7.389999999999988631e+02
2.600000000000000000e+02,6.244999999999990905e+02
2.610000000000000000e+02,5.695000000000004547e+02
2.620000000000000000e+02,5.464999999999986358e+02
2.630000000000000000e+02,4.915000000000002274e+02
2.640000000000000000e+02,5.789999999999995453e+02
2.650000000000000000e+02,6.895000000000011369e+02
2.660000000000000000e+02,7.560000000000006821e+02
2.670000000000000000e+02,5.824999999999997726e+02
2.680000000000000000e+02,5.165000000000009095e+02
2.690000000000000000e+02,6.210000000000002274e+02
2.700000000000000000e+02,6.305000000000006821e+02
2.710000000000000000e+02,6.244999999999997726e+02
2.720000000000000000e+02,6.920000000000015916e+02
2.730000000000000000e+02,6.804999999999984084e+02
2.740000000000000000e+02,6.300000000000006821e+02
2.750000000000000000e+02,5.480000000000000000e+02
2.760000000000000000e+02,7.570000000000009095e+02
2.770000000000000000e+02,8.575000000000004547e+02
2.780000000000000000e+02,8.015000000000009095e+02
2.790000000000000000e+02,6.179999999999988631e+02
2.800000000000000000e+02,5.445000000000015916e+02
2.810000000000000000e+02,4.754999999999986358e+02
2.820000000000000000e+02,4.644999999999990905e+02
2.830000000000000000e+02,6.309999999999990905e+02
2.840000000000000000e+02,7.615000000000013642e+02
2.850000000000000000e+02,7.515000000000011369e+02
2.860000000000000000e+02,7.244999999999984084e+02
2.870000000000000000e+02,8.710000000000006821e+02
2.880000000000000000e+02,8.905000000000009095e+02
2.890000000000000000e+02,8.645000000000004547e+02
2.900000000000000000e+02,8.075000000000002274e+02
2.910000000000000000e+02,9.125000000000015916e+02
2.920000000000000000e+02,8.584999999999993179e+02
2.930000000000000000e+02,7.354999999999993179e+02
2.940000000000000000e+02,6.995000000000000000e+02
2.950000000000000000e+02,5.084999999999991473e+02
2.960000000000000000e+02,5.409999999999997726e+02
2.970000000000000000e+02,6.814999999999988631e+02
2.980000000000000000e+02,7.405000000000004547e+02
2.990000000000000000e+02,6.690000000000000000e+02
3.000000000000000000e+02,6.905000000000004547e+02
3.010000000000000000e+02,6.475000000000000000e+02
3.020000000000000000e+02,5.935000000000009095e+02
3.030000000000000000e+02,4.964999999999990905e+02
3.040000000000000000e+02,5.620000000000013642e+02
3.050000000000000000e+02,7.049999999999993179e+02
3.060000000000000000e+02,7.344999999999997726e+02
3.070000000000000000e+02,6.115000000000009095e+02
3.080000000000000000e+02,5.875000000000002274e+02
3.090000000000000000e+02,5.435000000000011369e+02
3.100000000000000000e+02,6.584999999999997726e+02
3.110000000000000000e+02,7.705000000000004547e+02
3.120000000000000000e+02,7.739999999999988631e+02
3.130000000000000000e+02,6.884999999999995453e+02
3.140000000000000000e+02,7.089999999999995453e+02
3.150000000000000000e+02,6.724999999999986358e+02
3.160000000000000000e+02,6.940000000000004547e+02
3.170000000000000000e+02,5.444999999999993179e+02
3.180000000000000000e+02,5.824999999999990905e+02
3.190000000000000000e+02,5.979999999999988631e+02
3.200000000000000000e+02,7.070000000000006821e+02
3.210000000000000000e+02,6.039999999999993179e+02
3.220000000000000000e+02,5.349999999999995453e+02
3.230000000000000000e+02,6.459999999999988631e+02
3.240000000000000000e+02,5.745000000000009095e+02
3.250000000000000000e+02,4.855000000000004547e+02
3.260000000000000000e+02,4.550000000000015916e+02
3.270000000000000000e+02,5.714999999999990905e+02
3.280000000000000000e+02,7.785000000000009095e+02
3.290000000000000000e+02,6.864999999999988631e+02
3.300000000000000000e+02,7.339999999999984084e+02
3.310000000000000000e+02,7.659999999999988631e+02
3.320000000000000000e+02,7.655000000000002274e+02
3.330000000000000000e+02,6.440000000000002274e+02
3.340000000000000000e+02,6.139999999999988631e+02
3.350000000000000000e+02,6.310000000000000000e+02
3.360000000000000000e+02,6.660000000000006821e+02
3.370000000000000000e+02,6.554999999999988631e+02
3.380000000000000000e+02,5.785000000000000000e+02
3.390000000000000000e+02,5.279999999999988631e+02
3.400000000000000000e+02,5.529999999999990905e+02
3.410000000000000000e+02,7.100000000000011369e+02
3.420000000000000000e+02,6.585000000000006821e+02
3.430000000000000000e+02,7.004999999999995453e+02
3.440000000000000000e+02,8.300000000000002274e+02
3.450000000000000000e+02,9.040000000000011369e+02
3.460000000000000000e+02,9.110000000000013642e+02
3.470000000000000000e+02,8.325000000000015916e+02
3.480000000000000000e+02,8.419999999999990905e+02
3.490000000000000000e+02,7.689999999999988631e+02
3.500000000000000000e+02,6.989999999999995453e+02
3.510000000000000000e+02,6.860000000000006821e+02
3.520000000000000000e+02,6.900000000000009095e+02
3.530000000000000000e+02,7.855000000000013642e+02
3.540000000000000000e+02,7.584999999999993179e+02
3.550000000000000000e+02,6.640000000000006821e+02
3.560000000000000000e+02,7.339999999999986358e+02
3.570000000000000000e+02,6.994999999999997726e+02
3.580000000000000000e+02,7.665000000000009095e+02
3.590000000000000000e+02,7.894999999999990905e+02
3.600000000000000000e+02,9.515000000000004547e+02
3.610000000000000000e+02,1.045000000000000000e+03
3.620000000000000000e+02,1.107499999999998863e+03
3.630000000000000000e+02,1.133999999999999773e+03
3.640000000000000000e+02,1.144999999999998636e+03
3.650000000000000000e+02,1.249500000000000682e+03
3.660000000000000000e+02,1.253500000000000000e+03
3.670000000000000000e+02,1.081500000000001364e+03
3.680000000000000000e+02,1.049499999999998636e+03
3.690000000000000000e+02,1.081499999999998636e+03
3.700000000000000000e+02,1.073500000000001137e+03
3.710000000000000000e+02,1.230499999999998408e+03
3.720000000000000000e+02,1.395000000000000909e+03
3.730000000000000000e+02,1.353999999999999318e+03
3.740000000000000000e+02,1.333500000000000000e+03
3.750000000000000000e+02,1.473000000000000000e+03
3.760000000000000000e+02,1.677499999999998863e+03
3.770000000000000000e+02,1.802999999999998636e+03
3.780000000000000000e+02,1.905499999999998408e+03
3.790000000000000000e+02,1.981500000000001592e+03
3.800000000000000000e+02,1.952499999999999091e+03
3.810000000000000000e+02,1.904000000000001364e+03
3.820000000000000000e+02,1.810999999999999091e+03
3.830000000000000000e+02,1.612500000000000682e+03
3.840000000000000000e+02,1.533000000000000455e+03
3.850000000000000000e+02,1.583500000000001364e+03
3.860000000000000000e+02,1.304999999999998408e+03
3.870000000000000000e+02,1.365999999999998636e+03
3.880000000000000000e+02,1.398500000000000455e+03
3.890000000000000000e+02,1.443500000000001364e+03
3.900000000000000000e+02,1.535499999999998863e+03
3.910000000000000000e+02,1.773000000000000909e+03
3.920000000000000000e+02,2.067500000000000000e+03
3.930000000000000000e+02,2.011500000000000000e+03
3.940000000000000000e+02,1.927999999999999545e+03
3.950000000000000000e+02,1.828499999999998636e+03
3.960000000000000000e+02,1.766499999999999545e+03
3.970000000000000000e+02,1.796500000000000682e+03
3.980000000000000000e+02,1.783999999999998408e+03
3.990000000000000000e+02,1.606500000000001137e+03
4.000000000000000000e+02,1.540499999999998636e+03
4.010000000000000000e+02,1.451500000000000000e+03
4.020000000000000000e+02,1.458000000000000000e+03
4.030000000000000000e+02,1.548999999999999773e+03
4.040000000000000000e+02,1.539500000000000682e+03
4.050000000000000000e+02,1.491000000000001592e+03
4.060000000000000000e+02,1.452000000000001137e+03
4.070000000000000000e+02,1.480000000000001592e+03
4.080000000000000000e+02,1.430000000000001137e+03
4.090000000000000000e+02,1.276999999999998636e+03
4.100000000000000000e+02,1.128999999999999545e+03
4.110000000000000000e+02,1.229500000000000455e+03
4.120000000000000000e+02,1.212999999999998863e+03
4.130000000000000000e+02,1.123500000000001364e+03
4.140000000000000000e+02,1.246499999999999091e+03
4.150000000000000000e+02,1.279000000000000909e+03
4.160000000000000000e+02,1.140999999999999773e+03
4.170000000000000000e+02,1.093499999999999545e+03
4.180000000000000000e+02,9.760000000000001137e+02
4.190000000000000000e+02,9.535000000000011369e+02
4.200000000000000000e+02,1.001500000000000227e+03
4.210000000000000000e+02,1.046999999999998863e+03
4.220000000000000000e+02,1.032499999999999318e+03
4.230000000000000000e+02,9.990000000000013642e+02
4.240000000000000000e+02,1.039000000000001137e+03
4.250000000000000000e+02,1.093500000000000227e+03
4.260000000000000000e+02,1.277999999999998636e+03
4.270000000000000000e+02,1.175000000000000909e+03
4.280000000000000000e+02,1.100999999999999091e+03
4.290000000000000000e+02,1.259999999999998408e+03
4.300000000000000000e+02,1.378499999999998408e+03
4.310000000000000000e+02,1.255999999999999773e+03
4.320000000000000000e+02,1.229499999999998408e+03
4.330000000000000000e+02,1.258500000000001364e+03
4.340000000000000000e+02,1.252499999999999318e+03
4.350000000000000000e+02,1.266000000000000455e+03
4.360000000000000000e+02,1.386500000000000682e+03
4.370000000000000000e+02,1.272000000000001137e+03
4.380000000000000000e+02,1.328500000000000455e+03
4.390000000000000000e+02,1.447000000000001364e+03
4.400000000000000000e+02,1.368999999999999545e+03
4.410000000000000000e+02,1.473499999999999773e+03
4.420000000000000000e+02,1.501499999999999545e+03
4.430000000000000000e+02,1.341500000000000455e+03
4.440000000000000000e+02,1.479499999999999091e+03
4.450000000000000000e+02,1.480499999999998636e+03
4.460000000000000000e+02,1.396500000000001364e+03
4.470000000000000000e+02,1.536999999999999091e+03
4.480000000000000000e+02,1.585999999999999773e+03
4.490000000000000000e+02,1.656000000000000682e+03
4.500000000000000000e+02,1.779000000000000455e+03
4.510000000000000000e+02,1.808999999999999318e+03
4.520000000000000000e+02,2.016499999999999091e+03
4.530000000000000000e+02,2.179000000000000909e+03
4.540000000000000000e+02,2.291000000000000909e+03
4.550000000000000000e+02,2.394500000000000909e+03
4.560000000000000000e+02,2.714500000000000000e+03
4.570000000000000000e+02,3.166000000000000455e+03
4.580000000000000000e+02,3.492999999999998181e+03
4.590000000000000000e+02,3.760500000000000000e+03
4.600000000000000000e+02,4.257500000000000000e+03
4.610000000000000000e+02,4.709000000000001819e+03
4.620000000000000000e+02,5.634000000000001819e+03
4.630000000000000000e+02,6.267999999999999091e+03
4.640000000000000000e+02,7.009000000000000909e+03
4.650000000000000000e+02,7.043000000000000000e+03
4.660000000000000000e+02,7.370999999999997272e+03
4.670000000000000000e+02,6.970500000000000000e+03
4.680000000000000000e+02,6.511999999999999091e+03
4.690000000000000000e+02,6.336500000000001819e+03
4.700000000000000000e+02,6.500500000000000909e+03
4.710000000000000000e+02,5.560000000000002728e+03
4.720000000000000000e+02,4.840500000000001819e+03
4.730000000000000000e+02,4.247000000000002728e+03
4.740000000000000000e+02,3.771999999999998636e+03
4.750000000000000000e+02,3.516500000000000000e+03
4.760000000000000000e+02,3.457500000000000455e+03
4.770000000000000000e+02,3.144499999999999091e+03
4.780000000000000000e+02,3.122999999999999091e+03
4.790000000000000000e+02,2.865499999999999091e+03
4.800000000000000000e+02,2.706000000000000909e+03
4.810000000000000000e+02,2.503999999999999091e+03
4.820000000000000000e+02,2.432000000000000000e+03
4.830000000000000000e+02,2.382000000000000909e+03
4.840000000000000000e+02,2.293500000000000000e+03
4.850000000000000000e+02,2.091500000000000000e+03
4.860000000000000000e+02,1.867499999999999545e+03
4.870000000000000000e+02,1.666499999999999318e+03
4.880000000000000000e+02,1.480999999999999545e+03
4.890000000000000000e+02,1.471499999999999318e+03
4.900000000000000000e+02,1.351500000000000909e+03
4.910000000000000000e+02,1.296500000000000000e+03
4.920000000000000000e+02,1.251000000000000682e+03
4.930000000000000000e+02,1.161500000000000682e+03
4.940000000000000000e+02,1.160500000000000909e+03
4.950000000000000000e+02,1.199999999999998636e+03
4.960000000000000000e+02,1.324999999999998636e+03
4.970000000000000000e+02,1.442999999999998408e+03
4.980000000000000000e+02,1.596999999999999545e+03
4.990000000000000000e+02,1.571500000000001592e+03
5.000000000000000000e+02,1.553000000000000909e+03
5.010000000000000000e+02,1.719000000000000455e+03
5.020000000000000000e+02,2.035500000000000682e+03
5.030000000000000000e+02,2.005000000000000682e+03
5.040000000000000000e+02,2.024500000000001364e+03
5.050000000000000000e+02,2.115499999999998636e+03
5.060000000000000000e+02,2.243000000000000909e+03
5.070000000000000000e+02,2.195999999999999091e+03
5.080000000000000000e+02,2.257000000000001364e+03
5.090000000000000000e+02,2.199999999999999091e+03
5.100000000000000000e+02,2.138000000000000455e+03
5.110000000000000000e+02,2.018000000000000455e+03
5.120000000000000000e+02,1.929999999999998636e+03
5.130000000000000000e+02,1.840999999999999091e+03
5.140000000000000000e+02,1.851000000000000682e+03
5.150000000000000000e+02,1.725499999999999545e+03
5.160000000000000000e+02,1.467000000000001364e+03
5.170000000000000000e+02,1.291499999999998408e+03
5.180000000000000000e+02,1.423500000000000682e+03
5.190000000000000000e+02,1.430000000000001364e+03
5.200000000000000000e+02,1.436500000000000227e+03
5.210000000000000000e+02,1.421499999999999773e+03
5.220000000000000000e+02,1.559500000000001137e+03
5.230000000000000000e+02,1.433500000000000682e+03
5.240000000000000000e+02,1.683499999999998408e+03
5.250000000000000000e+02,1.639000000000001137e+03
5.260000000000000000e+02,1.630999999999999545e+03
5.270000000000000000e+02,1.517499999999998408e+03
5.280000000000000000e+02,1.613000000000001137e+03
5.290000000000000000e+02,1.650000000000001364e+03
5.300000000000000000e+02,1.776999999999999545e+03
5.310000000000000000e+02,1.786999999999998636e+03
5.320000000000000000e+02,1.905000000000000909e+03
5.330000000000000000e+02,2.031500000000001364e+03
5.340000000000000000e+02,2.231000000000000000e+03
5.350000000000000000e+02,1.999500000000000227e+03
5.360000000000000000e+02,1.853000000000000909e+03
5.370000000000000000e+02,1.871500000000000455e+03
5.380000000000000000e+02,2.271500000000000000e+03
5.390000000000000000e+02,2.072999999999999091e+03
5.400000000000000000e+02,1.884999999999999318e+03
5.410000000000000000e+02,1.952499999999999091e+03
5.420000000000000000e+02,2.134999999999998181e+03
5.430000000000000000e+02,2.075000000000000000e+03
5.440000000000000000e+02,2.116999999999999091e+03
5.450000000000000000e+02,2.269999999999999545e+03
5.460000000000000000e+02,2.451500000000000909e+03
5.470000000000000000e+02,2.349500000000000000e+03
5.480000000000000000e+02,2.404999999999998636e+03
5.490000000000000000e+02,2.180999999999999091e+03
5.500000000000000000e+02,2.343500000000001364e+03
5.510000000000000000e+02,2.303499999999999545e+03
5.520000000000000000e+02,2.200000000000001364e+03
5.530000000000000000e+02,1.904500000000000455e+03
5.540000000000000000e+02,1.743999999999998636e+03
5.550000000000000000e+02,1.511000000000000455e+03
5.560000000000000000e+02,1.321500000000000455e+03
5.570000000000000000e+02,1.275000000000001592e+03
5.580000000000000000e+02,1.282000000000001137e+03
5.590000000000000000e+02,1.345999999999999773e+03
5.600000000000000000e+02,1.379499999999999318e+03
5.610000000000000000e+02,1.436999999999999091e+03
5.620000000000000000e+02,1.492000000000000000e+03
5.630000000000000000e+02,1.385999999999998408e+03
5.640000000000000000e+02,1.598500000000000455e+03
5.650000000000000000e+02,1.487499999999999091e+03
5.660000000000000000e+02,1.418500000000000000e+03
5.670000000000000000e+02,1.487500000000001592e+03
5.680000000000000000e+02,1.510999999999999318e+03
5.690000000000000000e+02,1.637500000000001364e+03
5.700000000000000000e+02,1.775500000000000909e+03
5.710000000000000000e+02,2.008500000000000909e+03
5.720000000000000000e+02,2.312000000000001364e+03
5.730000000000000000e+02,2.221500000000000909e+03
5.740000000000000000e+02,2.149499999999999091e+03
5.750000000000000000e+02,2.178000000000000000e+03
5.760000000000000000e+02,2.186999999999998636e+03
5.770000000000000000e+02,1.988000000000000909e+03
5.780000000000000000e+02,2.024499999999998636e+03
5.790000000000000000e+02,1.774500000000000455e+03
5.800000000000000000e+02,1.601499999999998863e+03
5.810000000000000000e+02,1.487000000000001592e+03
5.820000000000000000e+02,1.240500000000000455e+03
5.830000000000000000e+02,1.193499999999999091e+03
5.840000000000000000e+02,1.210500000000000227e+03
5.850000000000000000e+02,1.247500000000001137e+03
5.860000000000000000e+02,1.391499999999998408e+03
5.870000000000000000e+02,1.268000000000000000e+03
5.880000000000000000e+02,1.276499999999998408e+03
5.890000000000000000e+02,1.363499999999999091e+03
5.900000000000000000e+02,1.461500000000000000e+03
5.910000000000000000e+02,1.467499999999999091e+03
5.920000000000000000e+02,1.451000000000001137e+03
5.930000000000000000e+02,1.346000000000001137e+03
5.940000000000000000e+02,1.327999999999998408e+03
5.950000000000000000e+02,1.311499999999998408e+03
5.960000000000000000e+02,1.368000000000000227e+03
5.970000000000000000e+02,1.211500000000000000e+03
5.980000000000000000e+02,1.137000000000000682e+03
5.990000000000000000e+02,1.092000000000000455e+03
6.000000000000000000e+02,1.250000000000000682e+03
6.010000000000000000e+02,1.287000000000000909e+03
6.020000000000000000e+02,1.356999999999998636e+03
6.030000000000000000e+02,1.298999999999999773e+03
6.040000000000000000e+02,1.329000000000001364e+03
6.050000000000000000e+02,1.343000000000000455e+03
6.060000000000000000e+02,1.368172413793104624e+03
6.070000000000000000e+02,1.319000000000001592e+03
6.080000000000000000e+02,1.355500000000000682e+03
6.090000000000000000e+02,1.409499999999999091e+03
6.100000000000000000e+02,1.493500000000000909e+03
6.110000000000000000e+02,1.387000000000000000e+03
6.120000000000000000e+02,1.384499999999999545e+03
6.130000000000000000e+02,1.450999999999998636e+03
6.140000000000000000e+02,1.505500000000000000e+03
6.150000000000000000e+02,1.453499999999999318e+03
6.160000000000000000e+02,1.470499999999998408e+03
6.170000000000000000e+02,1.618999999999998408e+03
6.180000000000000000e+02,1.807499999999998408e+03
6.190000000000000000e+02,1.667999999999998636e+03
6.200000000000000000e+02,1.870000000000000227e+03
6.210000000000000000e+02,2.149500000000001364e+03
6.220000000000000000e+02,2.334500000000001364e+03
6.230000000000000000e+02,2.413999999999999091e+03
6.240000000000000000e+02,2.381499999999999545e+03
6.250000000000000000e+02,2.164999999999999545e+03
6.260000000000000000e+02,2.278500000000000000e+03
6.270000000000000000e+02,2.354499999999999091e+03
6.280000000000000000e+02,2.475999999999998636e+03
6.290000000000000000e+02,2.464499999999999545e+03
6.300000000000000000e+02,2.389499999999999091e+03
6.310000000000000000e+02,2.241499999999999091e+03
6.320000000000000000e+02,2.113499999999999545e+03
6.330000000000000000e+02,1.954500000000001364e+03
6.340000000000000000e+02,1.929000000000000000e+03
6.350000000000000000e+02,1.569499999999999773e+03
6.360000000000000000e+02,1.344500000000000227e+03
6.370000000000000000e+02,1.251500000000000682e+03
6.380000000000000000e+02,1.250500000000000227e+03
6.390000000000000000e+02,1.406999999999998408e+03
6.400000000000000000e+02,1.379499999999999545e+03
6.410000000000000000e+02,1.244999999999999318e+03
6.420000000000000000e+02,1.256999999999999773e+03
6.430000000000000000e+02,1.251000000000000455e+03
6.440000000000000000e+02,1.309000000000001364e+03
6.450000000000000000e+02,1.226499999999998636e+03
6.460000000000000000e+02,1.285000000000001364e+03
6.470000000000000000e+02,1.346500000000000682e+03
6.480000000000000000e+02,1.352500000000000000e+03
6.490000000000000000e+02,1.086499999999998863e+03
6.500000000000000000e+02,1.185000000000001137e+03
6.510000000000000000e+02,1.220499999999999773e+03
6.520000000000000000e+02,1.285000000000000000e+03
6.530000000000000000e+02,1.346000000000000000e+03
6.540000000000000000e+02,1.403999999999999545e+03
6.550000000000000000e+02,1.331499999999998408e+03
6.560000000000000000e+02,1.333999999999999091e+03
6.570000000000000000e+02,1.418500000000001592e+03
6.580000000000000000e+02,1.512499999999999773e+03
6.590000000000000000e+02,1.502500000000000000e+03
6.600000000000000000e+02,1.627499999999999091e+03
6.610000000000000000e+02,1.664999999999999773e+03
6.620000000000000000e+02,1.842500000000001137e+03
6.630000000000000000e+02,1.978500000000000909e+03
6.640000000000000000e+02,2.072999999999998636e+03
6.650000000000000000e+02,1.987000000000000909e+03
6.660000000000000000e+02,2.207499999999998636e+03
6.670000000000000000e+02,2.133000000000000909e+03
6.680000000000000000e+02,2.177500000000001819e+03
6.690000000000000000e+02,2.336000000000000909e+03
6.700000000000000000e+02,2.348500000000000455e+03
6.710000000000000000e+02,2.372499999999999545e+03
6.720000000000000000e+02,2.511000000000000909e+03
6.730000000000000000e+02,2.589500000000000909e+03
6.740000000000000000e+02,2.704000000000001364e+03
6.750000000000000000e+02,2.570000000000000909e+03
6.760000000000000000e+02,2.754500000000000000e+03
6.770000000000000000e+02,2.509000000000000909e+03
6.780000000000000000e+02,2.583999999999999091e+03
6.790000000000000000e+02,2.524500000000000909e+03
6.800000000000000000e+02,2.485000000000000000e+03
6.810000000000000000e+02,2.379499999999998636e+03
6.820000000000000000e+02,2.341000000000000909e+03
6.830000000000000000e+02,2.395999999999998636e+03
6.840000000000000000e+02,2.699500000000001819e+03
6.850000000000000000e+02,2.936499999999999545e+03
6.860000000000000000e+02,3.314000000000000909e+03
6.870000000000000000e+02,3.747500000000001364e+03
6.880000000000000000e+02,4.260999999999999091e+03
6.890000000000000000e+02,4.937999999999999091e+03
6.900000000000000000e+02,6.013000000000000000e+03
6.910000000000000000e+02,7.108499999999999091e+03
6.920000000000000000e+02,8.729499999999998181e+03
6.930000000000000000e+02,8.906000000000000000e+03
6.940000000000000000e+02,9.367000000000001819e+03
6.950000000000000000e+02,8.707999999999996362e+03
6.960000000000000000e+02,8.439000000000001819e+03
6.970000000000000000e+02,7.215000000000002728e+03
6.980000000000000000e+02,6.242000000000000000e+03
6.990000000000000000e+02,4.938500000000001819e+03
7.000000000000000000e+02,3.751500000000002728e+03
7.010000000000000000e+02,2.618000000000000909e+03
7.020000000000000000e+02,1.622500000000000227e+03
7.030000000000000000e+02,1.336999999999998636e+03
7.040000000000000000e+02,1.345000000000000227e+03
7.050000000000000000e+02,1.293500000000001364e+03
7.060000000000000000e+02,1.377500000000000682e+03
7.070000000000000000e+02,1.385999999999999318e+03
7.080000000000000000e+02,1.350500000000001592e+03
7.090000000000000000e+02,1.366500000000001592e+03
7.100000000000000000e+02,1.398000000000000909e+03
7.110000000000000000e+02,1.310999999999998863e+03
7.120000000000000000e+02,1.345499999999999773e+03
7.130000000000000000e+02,1.343000000000001137e+03
7.140000000000000000e+02,1.397000000000000909e+03
7.150000000000000000e+02,1.313499999999999318e+03
7.160000000000000000e+02,1.309500000000001364e+03
7.170000000000000000e+02,1.354500000000000455e+03
7.180000000000000000e+02,1.368999999999999773e+03
7.190000000000000000e+02,1.287500000000000000e+03
7.200000000000000000e+02,1.325999999999999545e+03
7.210000000000000000e+02,1.372000000000001592e+03
7.220000000000000000e+02,1.545500000000000227e+03
7.230000000000000000e+02,1.296500000000001592e+03
7.240000000000000000e+02,1.387500000000000682e+03
7.250000000000000000e+02,1.451000000000000909e+03
7.260000000000000000e+02,1.516999999999999773e+03
7.270000000000000000e+02,1.414499999999998636e+03
7.280000000000000000e+02,1.406999999999999091e+03
7.290000000000000000e+02,1.383999999999999318e+03
7.300000000000000000e+02,1.400999999999998636e+03
7.310000000000000000e+02,1.394500000000000000e+03
7.320000000000000000e+02,1.427499999999999773e+03
7.330000000000000000e+02,1.464000000000000909e+03
7.340000000000000000e+02,1.420500000000001592e+03
7.350000000000000000e+02,1.342500000000000455e+03
7.360000000000000000e+02,1.544000000000000227e+03
7.370000000000000000e+02,1.605499999999998408e+03
7.380000000000000000e+02,1.564999999999998636e+03
7.390000000000000000e+02,1.485499999999998636e+03
7.400000000000000000e+02,1.558000000000000682e+03
7.410000000000000000e+02,1.402000000000001137e+03
7.420000000000000000e+02,1.427000000000000227e+03
7.430000000000000000e+02,1.496999999999998408e+03
7.440000000000000000e+02,1.460499999999998863e+03
7.450000000000000000e+02,1.443999999999999773e+03
7.460000000000000000e+02,1.575999999999998408e+03
7.470000000000000000e+02,1.526999999999999773e+03
7.480000000000000000e+02,1.510999999999999773e+03
7.490000000000000000e+02,1.610999999999999545e+03
7.500000000000000000e+02,1.539500000000000227e+03
7.510000000000000000e+02,1.313000000000000000e+03
7.520000000000000000e+02,1.322000000000000909e+03
7.530000000000000000e+02,1.392500000000000000e+03
7.540000000000000000e+02,1.458500000000000455e+03
7.550000000000000000e+02,1.452500000000001137e+03
7.560000000000000000e+02,1.578499999999999091e+03
7.570000000000000000e+02,1.478000000000000000e+03
7.580000000000000000e+02,1.580500000000000909e+03
7.590000000000000000e+02,1.446500000000000227e+03
7.600000000000000000e+02,1.347499999999998863e+03
7.610000000000000000e+02,1.421500000000000682e+03
7.620000000000000000e+02,1.662499999999998636e+03
7.630000000000000000e+02,1.655499999999999545e+03
7.640000000000000000e+02,1.787000000000001137e+03
7.650000000000000000e+02,1.930499999999999091e+03
7.660000000000000000e+02,2.161500000000000455e+03
7.670000000000000000e+02,1.959500000000001592e+03
7.680000000000000000e+02,2.131500000000000000e+03
7.690000000000000000e+02,1.989000000000000000e+03
7.700000000000000000e+02,1.781000000000000909e+03
7.710000000000000000e+02,1.635500000000000909e+03
7.720000000000000000e+02,1.646000000000000227e+03
7.730000000000000000e+02,1.474499999999998863e+03
7.740000000000000000e+02,1.367000000000000000e+03
7.750000000000000000e+02,1.397999999999998408e+03
7.760000000000000000e+02,1.444000000000000000e+03
7.770000000000000000e+02,1.433499999999999545e+03
7.780000000000000000e+02,1.440499999999998636e+03
7.790000000000000000e+02,1.288000000000001592e+03
7.800000000000000000e+02,1.323499999999998636e+03
7.810000000000000000e+02,1.319499999999999318e+03
7.820000000000000000e+02,1.335000000000000000e+03
7.830000000000000000e+02,1.350500000000001137e+03
7.840000000000000000e+02,1.376500000000000227e+03
7.850000000000000000e+02,1.345499999999998636e+03
7.860000000000000000e+02,1.429500000000000682e+03
7.870000000000000000e+02,1.401000000000001592e+03
7.880000000000000000e+02,1.456000000000000000e+03
7.890000000000000000e+02,1.450000000000000000e+03
7.900000000000000000e+02,1.541999999999999773e+03
7.910000000000000000e+02,1.486500000000001364e+03
7.920000000000000000e+02,1.409500000000000909e+03
7.930000000000000000e+02,1.460499999999999318e+03
7.940000000000000000e+02,1.575999999999998408e+03
7.950000000000000000e+02,1.511500000000001364e+03
7.960000000000000000e+02,1.564499999999998863e+03
7.970000000000000000e+02,1.651999999999999773e+03
7.980000000000000000e+02,1.705000000000001592e+03
7.990000000000000000e+02,1.863500000000001592e+03
8.000000000000000000e+02,2.002999999999998636e+03
8.010000000000000000e+02,2.100500000000000909e+03
8.020000000000000000e+02,2.240999999999998636e+03
8.030000000000000000e+02,2.604499999999999091e+03
8.040000000000000000e+02,2.811000000000000909e+03
8.050000000000000000e+02,2.686500000000000000e+03
8.060000000000000000e+02,2.908999999999999091e+03
8.070000000000000000e+02,2.808500000000000000e+03
8.080000000000000000e+02,2.682500000000001819e+03
8.090000000000000000e+02,2.374499999999998181e+03
8.100000000000000000e+02,2.233499999999999545e+03
8.110000000000000000e+02,1.855448275862068613e+03
8.120000000000000000e+02,1.335344827586205838e+03
8.130000000000000000e+02,1.445000000000000000e+03
8.140000000000000000e+02,1.578500000000000682e+03
8.150000000000000000e+02,1.389999999999998408e+03
8.160000000000000000e+02,1.312999999999999318e+03
8.170000000000000000e+02,1.429000000000000909e+03
8.180000000000000000e+02,1.634500000000001137e+03
8.190000000000000000e+02,1.503000000000001592e+03
8.200000000000000000e+02,1.413999999999999318e+03
8.210000000000000000e+02,1.408999999999999091e+03
8.220000000000000000e+02,1.565500000000000227e+03
8.230000000000000000e+02,1.648000000000001364e+03
8.240000000000000000e+02,1.730500000000000000e+03
8.250000000000000000e+02,1.561500000000001137e+03
8.260000000000000000e+02,1.505999999999999545e+03
8.270000000000000000e+02,1.500500000000000909e+03
8.280000000000000000e+02,1.558499999999999545e+03
8.290000000000000000e+02,1.534999999999999545e+03
8.300000000000000000e+02,1.620499999999998636e+03
8.310000000000000000e+02,1.728000000000000000e+03
8.320000000000000000e+02,2.013999999999999318e+03
8.330000000000000000e+02,2.179500000000000000e+03
8.340000000000000000e+02,2.619000000000000000e+03
8.350000000000000000e+02,3.225000000000000909e+03
8.360000000000000000e+02,3.800999999999998181e+03
8.370000000000000000e+02,4.342999999999997272e+03
8.380000000000000000e+02,5.168500000000000000e+03
8.390000000000000000e+02,5.841500000000000000e+03
8.400000000000000000e+02,6.775500000000000909e+03
8.410000000000000000e+02,7.663499999999996362e+03
8.420000000000000000e+02,9.049500000000000000e+03
8.430000000000000000e+02,1.065049999999999818e+04
8.440000000000000000e+02,1.312399999999999636e+04
8.450000000000000000e+02,1.701550000000000000e+04
8.460000000000000000e+02,2.181849999999999636e+04
8.470000000000000000e+02,2.264600000000000364e+04
8.480000000000000000e+02,2.417399999999999636e+04
8.490000000000000000e+02,2.231349999999999636e+04
8.500000000000000000e+02,2.097800000000000000e+04
8.510000000000000000e+02,1.851850000000000000e+04
8.520000000000000000e+02,1.682100000000000000e+04
8.530000000000000000e+02,1.241450000000000364e+04
8.540000000000000000e+02,8.157999999999996362e+03
8.550000000000000000e+02,4.882000000000000000e+03
8.560000000000000000e+02,2.202499999999998636e+03
8.570000000000000000e+02,1.933000000000000455e+03
8.580000000000000000e+02,1.989499999999998636e+03
8.590000000000000000e+02,1.956499999999999091e+03
8.600000000000000000e+02,2.174499999999999091e+03
8.610000000000000000e+02,2.021000000000000227e+03
8.620000000000000000e+02,1.851000000000000909e+03
8.630000000000000000e+02,1.814000000000000000e+03
8.640000000000000000e+02,1.910000000000000455e+03
8.650000000000000000e+02,1.822500000000000000e+03
8.660000000000000000e+02,1.903499999999998636e+03
8.670000000000000000e+02,1.640000000000000455e+03
8.680000000000000000e+02,1.594000000000001592e+03
8.690000000000000000e+02,1.663500000000001137e+03
8.700000000000000000e+02,1.783500000000000000e+03
8.710000000000000000e+02,1.856499999999998636e+03
8.720000000000000000e+02,2.008999999999998408e+03
8.730000000000000000e+02,1.923500000000001592e+03
8.740000000000000000e+02,1.911499999999999091e+03
8.750000000000000000e+02,1.886500000000001137e+03
8.760000000000000000e+02,1.891500000000001137e+03
8.770000000000000000e+02,1.835499999999999318e+03
8.780000000000000000e+02,1.904499999999999318e+03
8.790000000000000000e+02,2.062000000000001364e+03
8.800000000000000000e+02,2.503000000000000909e+03
8.810000000000000000e+02,2.735500000000000909e+03
8.820000000000000000e+02,3.178499999999999091e+03
8.830000000000000000e+02,3.605999999999999091e+03
8.840000000000000000e+02,4.275999999999999091e+03
8.850000000000000000e+02,5.367000000000000000e+03
8.860000000000000000e+02,6.741499999999998181e+03
8.870000000000000000e+02,8.415500000000003638e+03
8.880000000000000000e+02,1.080599999999999818e+04
8.890000000000000000e+02,1.501450000000000364e+04
8.900000000000000000e+02,2.036599999999999636e+04
8.910000000000000000e+02,2.244350000000000728e+04
8.920000000000000000e+02,2.506450000000000728e+04
8.930000000000000000e+02,2.409700000000000728e+04
8.940000000000000000e+02,2.394150000000000000e+04
8.950000000000000000e+02,2.142099999999999272e+04
8.960000000000000000e+02,1.990199999999999272e+04
8.970000000000000000e+02,1.606699999999999091e+04
8.980000000000000000e+02,1.252699999999999636e+04
8.990000000000000000e+02,7.994499999999999091e+03
9.000000000000000000e+02,4.129500000000000909e+03
9.010000000000000000e+02,3.102499999999999091e+03
9.020000000000000000e+02,2.667500000000000909e+03
9.030000000000000000e+02,2.525499999999999091e+03
9.040000000000000000e+02,2.524500000000000909e+03
9.050000000000000000e+02,2.277379310344826081e+03
9.060000000000000000e+02,2.231172413793104624e+03
9.070000000000000000e+02,1.879999999999998863e+03
9.080000000000000000e+02,1.675500000000001592e+03
9.090000000000000000e+02,1.740500000000000227e+03
9.100000000000000000e+02,1.886999999999999318e+03
9.110000000000000000e+02,1.744500000000000000e+03
9.120000000000000000e+02,1.670500000000001137e+03
9.130000000000000000e+02,1.650999999999999091e+03
9.140000000000000000e+02,1.634000000000000682e+03
9.150000000000000000e+02,1.526999999999999773e+03
9.160000000000000000e+02,1.590499999999999773e+03
9.170000000000000000e+02,1.680000000000000000e+03
9.180000000000000000e+02,1.693000000000000909e+03
9.190000000000000000e+02,1.626000000000001592e+03
9.200000000000000000e+02,1.609499999999999318e+03
9.210000000000000000e+02,1.648000000000001137e+03
9.220000000000000000e+02,1.692000000000000227e+03
9.230000000000000000e+02,1.657000000000000682e+03
9.240000000000000000e+02,1.606999999999999773e+03
9.250000000000000000e+02,1.671500000000000227e+03
9.260000000000000000e+02,1.686000000000000682e+03
9.270000000000000000e+02,1.509999999999999091e+03
9.280000000000000000e+02,1.664500000000000455e+03
9.290000000000000000e+02,1.763999999999999545e+03
9.300000000000000000e+02,2.037000000000000682e+03
9.310000000000000000e+02,2.088999999999999091e+03
9.320000000000000000e+02,2.169500000000000000e+03
9.330000000000000000e+02,2.081000000000001364e+03
9.340000000000000000e+02,2.250999999999999545e+03
9.350000000000000000e+02,2.247000000000001819e+03
9.360000000000000000e+02,2.309499999999999091e+03
9.370000000000000000e+02,2.228000000000001364e+03
9.380000000000000000e+02,2.342999999999999545e+03
9.390000000000000000e+02,2.194499999999998181e+03
9.400000000000000000e+02,2.129000000000001819e+03
9.410000000000000000e+02,2.100000000000001364e+03
9.420000000000000000e+02,2.119499999999998181e+03
9.430000000000000000e+02,1.974000000000001137e+03
9.440000000000000000e+02,1.929999999999998636e+03
9.450000000000000000e+02,1.912999999999998408e+03
9.460000000000000000e+02,1.968500000000001592e+03
9.470000000000000000e+02,1.851499999999999091e+03
9.480000000000000000e+02,2.159999999999999545e+03
9.490000000000000000e+02,2.305499999999998181e+03
9.500000000000000000e+02,2.519500000000001819e+03
9.510000000000000000e+02,3.073500000000000909e+03
9.520000000000000000e+02,3.733000000000000909e+03
9.530000000000000000e+02,4.253000000000000000e+03
9.540000000000000000e+02,5.124500000000000000e+03
9.550000000000000000e+02,6.274500000000001819e+03
9.560000000000000000e+02,7.763000000000002728e+03
9.570000000000000000e+02,1.044399999999999818e+04
9.580000000000000000e+02,1.380600000000000182e+04
9.590000000000000000e+02,2.003599999999999272e+04
9.600000000000000000e+02,2.731000000000000728e+04
9.610000000000000000e+02,2.926750000000001091e+04
9.620000000000000000e+02,3.149899999999999272e+04
9.630000000000000000e+02,3.015100000000000728e+04
9.640000000000000000e+02,3.000399999999999272e+04
9.650000000000000000e+02,2.715550000000000000e+04
9.660000000000000000e+02,2.525849999999999272e+04
9.670000000000000000e+02,1.992150000000000000e+04
9.680000000000000000e+02,1.467899999999999818e+04
9.690000000000000000e+02,1.016549999999999636e+04
9.700000000000000000e+02,6.616999999999998181e+03
9.710000000000000000e+02,5.893000000000000909e+03
9.720000000000000000e+02,5.755000000000000909e+03
9.730000000000000000e+02,5.367499999999997272e+03
9.740000000000000000e+02,5.188499999999999091e+03
9.750000000000000000e+02,4.960500000000000909e+03
9.760000000000000000e+02,4.900000000000001819e+03
9.770000000000000000e+02,4.182500000000000000e+03
9.780000000000000000e+02,3.658500000000000455e+03
9.790000000000000000e+02,3.275500000000000455e+03
9.800000000000000000e+02,2.939499999999998636e+03
9.810000000000000000e+02,2.761999999999998636e+03
9.820000000000000000e+02,3.039000000000000000e+03
9.830000000000000000e+02,2.951999999999999091e+03
9.840000000000000000e+02,2.890499999999999091e+03
9.850000000000000000e+02,3.058000000000000455e+03
9.860000000000000000e+02,3.341499999999998181e+03
9.870000000000000000e+02,3.387000000000002728e+03
9.880000000000000000e+02,3.667500000000000909e+03
9.890000000000000000e+02,3.777999999999997272e+03
9.900000000000000000e+02,4.048499999999998181e+03
9.910000000000000000e+02,4.390000000000000000e+03
9.920000000000000000e+02,4.996000000000000909e+03
9.930000000000000000e+02,5.639000000000000909e+03
9.940000000000000000e+02,6.538500000000003638e+03
9.950000000000000000e+02,7.272500000000000909e+03
9.960000000000000000e+02,8.542500000000000000e+03
9.970000000000000000e+02,1.063050000000000182e+04
9.980000000000000000e+02,1.375850000000000000e+04
9.990000000000000000e+02,1.667800000000000000e+04
1.000000000000000000e+03,2.006849999999999636e+04
1.001000000000000000e+03,2.210100000000000728e+04
1.002000000000000000e+03,2.610000000000001091e+04
1.003000000000000000e+03,3.472150000000000000e+04
1.004000000000000000e+03,4.854699999999999272e+04
1.005000000000000000e+03,8.271699999999997090e+04
1.006000000000000000e+03,1.269025000000000146e+05
1.007000000000000000e+03,2.003355000000000291e+05
1.008000000000000000e+03,2.917345000000000000e+05
1.009000000000000000e+03,3.726569999999998836e+05
1.010000000000000000e+03,4.878959999999999418e+05
1.011000000000000000e+03,5.429569999999998836e+05
1.012000000000000000e+03,6.687455000000002328e+05
1.013000000000000000e+03,7.409674999999998836e+05
1.014000000000000000e+03,8.039524999999998836e+05
1.015000000000000000e+03,8.624719999999997672e+05
1.016000000000000000e+03,8.687970000000000000e+05
1.017000000000000000e+03,8.865464999999997672e+05
1.018000000000000000e+03,8.921894999999996508e+05
1.019000000000000000e+03,9.050560000000002328e+05
1.020000000000000000e+03,9.065290000000003492e+05
1.021000000000000000e+03,9.038250000000002328e+05
1.022000000000000000e+03,8.646055000000001164e+05
1.023000000000000000e+03,7.495754999999998836e+05
1.024000000000000000e+03,5.360704999999998836e+05
1.025000000000000000e+03,2.168915000000000000e+05
1.026000000000000000e+03,4.491000000000000000e+04
1.027000000000000000e+03,1.621999999999999272e+04
1.028000000000000000e+03,9.192500000000001819e+03
1.029000000000000000e+03,7.001500000000001819e+03
1.030000000000000000e+03,5.734500000000000000e+03
1.031000000000000000e+03,5.117999999999999091e+03
1.032000000000000000e+03,4.670499999999997272e+03
1.033000000000000000e+03,4.307500000000001819e+03
1.034000000000000000e+03,4.083000000000000000e+03
1.035000000000000000e+03,3.544000000000002728e+03
1.036000000000000000e+03,3.232000000000000455e+03
1.037000000000000000e+03,3.063500000000000000e+03
1.038000000000000000e+03,2.764000000000000000e+03
1.039000000000000000e+03,2.593000000000000000e+03
1.040000000000000000e+03,2.569999999999999091e+03
1.041000000000000000e+03,2.296500000000000909e+03
1.042000000000000000e+03,2.189000000000000000e+03
1.043000000000000000e+03,2.173000000000000000e+03
1.044000000000000000e+03,2.295500000000000000e+03
1.045000000000000000e+03,2.454999999999998636e+03
1.046000000000000000e+03,2.807499999999999091e+03
1.047000000000000000e+03,3.228499999999998636e+03
1.048000000000000000e+03,3.819499999999998636e+03
1.049000000000000000e+03,4.618500000000002728e+03
1.050000000000000000e+03,5.604000000000000000e+03
1.051000000000000000e+03,7.828500000000000000e+03
1.052000000000000000e+03,1.125399999999999818e+04
1.053000000000000000e+03,1.540449999999999636e+04
1.054000000000000000e+03,1.977549999999999272e+04
1.055000000000000000e+03,1.959049999999999272e+04
1.056000000000000000e+03,2.010850000000000364e+04
1.057000000000000000e+03,1.883500000000000000e+04
1.058000000000000000e+03,1.796050000000000000e+04
1.059000000000000000e+03,1.557149999999999818e+04
1.060000000000000000e+03,1.318750000000000364e+04
1.061000000000000000e+03,8.803499999999998181e+03
1.062000000000000000e+03,4.769500000000000000e+03
1.063000000000000000e+03,4.088499999999998181e+03
1.064000000000000000e+03,4.502500000000001819e+03
1.065000000000000000e+03,7.931500000000001819e+03
1.066000000000000000e+03,1.304199999999999818e+04
1.067000000000000000e+03,2.317449999999999272e+04
1.068000000000000000e+03,3.609750000000001455e+04
1.069000000000000000e+03,5.639599999999999272e+04
1.070000000000000000e+03,8.257950000000002910e+04
1.071000000000000000e+03,1.250890000000000000e+05
1.072000000000000000e+03,1.858389999999999709e+05
1.073000000000000000e+03,3.005445000000000000e+05
1.074000000000000000e+03,4.688599999999998836e+05
1.075000000000000000e+03,5.514650000000000000e+05
1.076000000000000000e+03,6.245764999999998836e+05
1.077000000000000000e+03,6.295965000000001164e+05
1.078000000000000000e+03,6.357184999999997672e+05
1.079000000000000000e+03,6.012195000000000000e+05
1.080000000000000000e+03,5.920595000000000000e+05
1.081000000000000000e+03,5.167379999999999418e+05
1.082000000000000000e+03,4.431400000000000582e+05
1.083000000000000000e+03,2.541620000000000291e+05
1.084000000000000000e+03,8.584149999999998545e+04
1.085000000000000000e+03,3.067000000000000728e+04
1.086000000000000000e+03,5.130499999999998181e+03
1.087000000000000000e+03,2.362499999999998636e+03
1.088000000000000000e+03,1.626999999999999773e+03
1.089000000000000000e+03,1.286500000000000227e+03
1.090000000000000000e+03,1.150499999999998408e+03
1.091000000000000000e+03,1.063999999999999318e+03
1.092000000000000000e+03,1.082000000000000000e+03
1.093000000000000000e+03,9.704999999999992042e+02
1.094000000000000000e+03,9.545000000000013642e+02
1.095000000000000000e+03,8.355000000000015916e+02
1.096000000000000000e+03,8.064999999999988631e+02
1.097000000000000000e+03,9.919999999999988631e+02
1.098000000000000000e+03,1.267999999999998863e+03
1.099000000000000000e+03,1.408500000000000682e+03
1.100000000000000000e+03,1.545500000000000682e+03
1.101000000000000000e+03,1.505499999999998408e+03
1.102000000000000000e+03,1.418999999999999318e+03
1.103000000000000000e+03,1.507000000000001592e+03
1.104000000000000000e+03,1.352499999999999773e+03
1.105000000000000000e+03,1.135499999999998636e+03
1.106000000000000000e+03,9.915000000000007958e+02
1.107000000000000000e+03,8.989999999999990905e+02
1.108000000000000000e+03,8.235000000000011369e+02
1.109000000000000000e+03,8.570000000000013642e+02
1.110000000000000000e+03,8.885000000000006821e+02
1.111000000000000000e+03,9.795000000000003411e+02
1.112000000000000000e+03,1.000499999999999432e+03
1.113000000000000000e+03,1.254500000000000227e+03
1.114000000000000000e+03,1.655999999999998636e+03
1.115000000000000000e+03,2.147000000000001819e+03
1.116000000000000000e+03,2.999000000000001364e+03
1.117000000000000000e+03,4.272500000000000909e+03
1.118000000000000000e+03,6.006500000000001819e+03
1.119000000000000000e+03,1.058750000000000364e+04
1.120000000000000000e+03,1.734150000000000000e+04
1.121000000000000000e+03,3.023299999999999636e+04
1.122000000000000000e+03,4.368650000000000728e+04
1.123000000000000000e+03,4.670849999999998545e+04
1.124000000000000000e+03,4.977099999999998545e+04
1.125000000000000000e+03,4.694149999999999272e+04
1.126000000000000000e+03,4.582249999999999272e+04
1.127000000000000000e+03,4.130499999999999272e+04
1.128000000000000000e+03,3.773699999999999272e+04
1.129000000000000000e+03,2.556600000000000364e+04
1.130000000000000000e+03,1.305300000000000182e+04
1.131000000000000000e+03,5.959000000000000909e+03
1.132000000000000000e+03,1.363999999999998636e+03
1.133000000000000000e+03,8.055000000000002274e+02
1.134000000000000000e+03,6.759999999999986358e+02
1.135000000000000000e+03,5.274999999999997726e+02
1.136000000000000000e+03,3.504999999999986358e+02
1.137000000000000000e+03,1.824999999999988631e+02
1.138000000000000000e+03,2.245000000000011369e+02
1.139000000000000000e+03,3.090000000000000000e+02
1.140000000000000000e+03,3.594999999999988631e+02
1.141000000000000000e+03,3.460000000000002274e+02
1.142000000000000000e+03,2.349999999999984084e+02
1.143000000000000000e+03,2.329999999999997726e+02
1.144000000000000000e+03,1.930000000000002274e+02
1.145000000000000000e+03,1.569999999999984084e+02
1.146000000000000000e+03,1.695000000000000000e+02
1.147000000000000000e+03,2.765000000000002274e+02
1.148000000000000000e+03,1.665000000000009095e+02
1.149000000000000000e+03,1.504999999999995453e+02
1.150000000000000000e+03,1.770000000000009095e+02
1.151000000000000000e+03,2.720000000000013642e+02
1.152000000000000000e+03,3.425000000000009095e+02
1.153000000000000000e+03,2.914999999999988631e+02
1.154000000000000000e+03,1.450000000000000000e+02
1.155000000000000000e+03,3.084999999999997726e+02
1.156000000000000000e+03,5.119999999999993747e+02
1.157000000000000000e+03,7.530000000000006821e+02
1.158000000000000000e+03,8.805000000000015916e+02
1.159000000000000000e+03,8.805000000000013642e+02
1.160000000000000000e+03,7.509999999999993179e+02
1.161000000000000000e+03,6.925000000000009095e+02
1.162000000000000000e+03,7.330000000000009095e+02
1.163000000000000000e+03,5.550000000000011369e+02
1.164000000000000000e+03,4.990000000000000000e+02
1.165000000000000000e+03,3.384999999999997726e+02
1.166000000000000000e+03,1.535000000000013642e+02
1.167000000000000000e+03,2.800000000000000000e+01
1.168000000000000000e+03,2.749999999999909051e+01
1.169000000000000000e+03,9.950000000000136424e+01
1.170000000000000000e+03,1.155000000000009095e+02
1.171000000000000000e+03,9.749999999999840838e+01
1.172000000000000000e+03,-2.799999999999863576e+01
1.173000000000000000e+03,6.550000000000090949e+01
1.174000000000000000e+03,1.520000000000011369e+02
1.175000000000000000e+03,1.869999999999995453e+02
1.176000000000000000e+03,2.194999999999986358e+02
1.177000000000000000e+03,1.674999999999986358e+02
1.178000000000000000e+03,2.334999999999984084e+02
1.179000000000000000e+03,-4.774999999999995453e+02
1.180000000000000000e+03,-1.128500000000000909e+03
1.181000000000000000e+03,-4.585000000000015916e+02
1.182000000000000000e+03,2.400000000000136424e+01
1.183000000000000000e+03,9.900000000000000000e+01
1.184000000000000000e+03,2.580000000000004547e+02
1.185000000000000000e+03,2.900000000000006821e+02
1.186000000000000000e+03,4.949999999999995453e+02
1.187000000000000000e+03,7.849999999999993179e+02
1.188000000000000000e+03,1.125500000000001364e+03
1.189000000000000000e+03,1.879000000000000682e+03
1.190000000000000000e+03,2.927000000000000000e+03
1.191000000000000000e+03,4.624000000000001819e+03
1.192000000000000000e+03,7.062499999999996362e+03
1.193000000000000000e+03,1.429350000000000546e+04
1.194000000000000000e+03,2.489900000000000364e+04
1.195000000000000000e+03,4.081999999999999272e+04
1.196000000000000000e+03,5.722750000000000000e+04
1.197000000000000000e+03,5.934799999999998545e+04
1.198000000000000000e+03,6.210950000000000000e+04
1.199000000000000000e+03,5.819249999999998545e+04
1.200000000000000000e+03,5.689149999999997817e+04
1.201000000000000000e+03,5.032699999999999272e+04
1.202000000000000000e+03,4.429450000000000728e+04
1.203000000000000000e+03,2.736350000000000364e+04
1.204000000000000000e+03,1.077950000000000000e+04
1.205000000000000000e+03,4.302000000000000000e+03
1.206000000000000000e+03,5.439999999999993179e+02
1.207000000000000000e+03,1.454999999999993179e+02
1.208000000000000000e+03,1.304999999999990905e+02
1.209000000000000000e+03,4.549999999999931788e+01
1.210000000000000000e+03,1.304999999999993179e+02
1.211000000000000000e+03,2.409999999999984084e+02
1.212000000000000000e+03,2.044999999999993179e+02
1.213000000000000000e+03,2.290000000000009095e+02
1.214000000000000000e+03,1.759999999999990905e+02
1.215000000000000000e+03,9.799999999999886313e+01
1.216000000000000000e+03,1.940000000000013642e+02
1.217000000000000000e+03,3.605000000000000000e+02
1.218000000000000000e+03,4.535000000000002274e+02
1.219000000000000000e+03,3.560000000000002274e+02
1.220000000000000000e+03,4.200000000000004547e+02
1.221000000000000000e+03,3.165000000000015916e+02
1.222000000000000000e+03,2.590000000000004547e+02
1.223000000000000000e+03,4.415000000000013642e+02
1.224000000000000000e+03,6.584999999999984084e+02
1.225000000000000000e+03,4.585000000000009095e+02
1.226000000000000000e+03,3.159999999999993179e+02
1.227000000000000000e+03,2.385000000000013642e+02
1.228000000000000000e+03,7.999999999999909051e+01
1.229000000000000000e+03,-3.450000000000113687e+01
1.230000000000000000e+03,-1.250000000000022737e+01
1.231000000000000000e+03,9.399999999999863576e+01
1.232000000000000000e+03,9.600000000000022737e+01
1.233000000000000000e+03,1.054999999999988631e+02
1.234000000000000000e+03,6.999999999999931788e+01
1.235000000000000000e+03,1.134999999999984084e+02
1.236000000000000000e+03,7.250000000000159162e+01
1.237000000000000000e+03,3.899999999999909051e+01
1.238000000000000000e+03,1.264999999999993179e+02
1.239000000000000000e+03,1.565000000000002274e+02
1.240000000000000000e+03,2.029999999999984084e+02
1.241000000000000000e+03,3.550000000000011369e+02
1.242000000000000000e+03,4.729999999999988631e+02
1.243000000000000000e+03,5.439999999999990905e+02
1.244000000000000000e+03,6.910000000000000000e+02
1.245000000000000000e+03,7.649999999999997726e+02
1.246000000000000000e+03,7.494999999999997726e+02
1.247000000000000000e+03,7.064999999999986358e+02
1.248000000000000000e+03,7.709999999999995453e+02
1.249000000000000000e+03,7.204999999999984084e+02
1.250000000000000000e+03,7.394999999999988631e+02
1.251000000000000000e+03,8.125000000000002274e+02
1.252000000000000000e+03,1.003499999999998408e+03
1.253000000000000000e+03,2.150500000000000000e+03
1.254000000000000000e+03,3.517499999999999545e+03
1.255000000000000000e+03,5.325500000000002728e+03
1.256000000000000000e+03,7.905500000000000000e+03
1.257000000000000000e+03,1.424899999999999636e+04
1.258000000000000000e+03,2.480700000000000000e+04
1.259000000000000000e+03,5.460449999999998545e+04
1.260000000000000000e+03,9.031000000000001455e+04
1.261000000000000000e+03,1.088944999999999709e+05
1.262000000000000000e+03,1.269889999999999563e+05
1.263000000000000000e+03,1.239910000000000437e+05
1.264000000000000000e+03,1.247860000000000437e+05
1.265000000000000000e+03,1.172175000000000437e+05
1.266000000000000000e+03,1.127950000000000146e+05
1.267000000000000000e+03,8.771100000000002910e+04
1.268000000000000000e+03,6.135399999999999272e+04
1.269000000000000000e+03,3.007850000000000000e+04
1.270000000000000000e+03,6.059499999999996362e+03
1.271000000000000000e+03,1.921000000000000455e+03
1.272000000000000000e+03,4.595000000000015916e+02
1.273000000000000000e+03,3.460000000000011369e+02
1.274000000000000000e+03,3.584999999999988631e+02
1.275000000000000000e+03,3.509999999999993179e+02
1.276000000000000000e+03,1.869999999999997726e+02
1.277000000000000000e+03,5.949999999999863576e+01
1.278000000000000000e+03,1.845000000000011369e+02
1.279000000000000000e+03,2.639999999999986358e+02
1.280000000000000000e+03,2.830000000000002274e+02
1.281000000000000000e+03,2.359999999999990905e+02
1.282000000000000000e+03,2.484999999999990905e+02
1.283000000000000000e+03,3.270000000000011369e+02
1.284000000000000000e+03,4.049999999999993179e+02
1.285000000000000000e+03,-4.680000000000009095e+02
1.286000000000000000e+03,-1.491000000000001137e+03
1.287000000000000000e+03,-7.800000000000013642e+02
1.288000000000000000e+03,1.504999999999986358e+02
1.289000000000000000e+03,3.224999999999984084e+02
1.290000000000000000e+03,3.260000000000002274e+02
1.291000000000000000e+03,2.185000000000006821e+02
1.292000000000000000e+03,3.399999999999993179e+02
1.293000000000000000e+03,4.970000000000006253e+02
1.294000000000000000e+03,5.785000000000013642e+02
1.295000000000000000e+03,4.799999999999986358e+02
1.296000000000000000e+03,4.129999999999984084e+02
1.297000000000000000e+03,2.499999999999995453e+02
1.298000000000000000e+03,9.249999999999909051e+01
1.299000000000000000e+03,1.469999999999995453e+02
1.300000000000000000e+03,2.304999999999997726e+02
1.301000000000000000e+03,1.485000000000013642e+02
1.302000000000000000e+03,1.105000000000002274e+02
1.303000000000000000e+03,1.905000000000006821e+02
1.304000000000000000e+03,1.340000000000011369e+02
1.305000000000000000e+03,4.600000000000022737e+01
1.306000000000000000e+03,6.050000000000067502e+01
1.307000000000000000e+03,1.020000000000000000e+02
1.308000000000000000e+03,1.350000000000002274e+02
1.309000000000000000e+03,2.105000000000015916e+02
1.310000000000000000e+03,2.684999999999997726e+02
1.311000000000000000e+03,3.229999999999997726e+02
1.312000000000000000e+03,5.239999999999997726e+02
1.313000000000000000e+03,4.534999999999993179e+02
1.314000000000000000e+03,4.769999999999986358e+02
1.315000000000000000e+03,5.479999999999997726e+02
1.316000000000000000e+03,5.314999999999984084e+02
1.317000000000000000e+03,4.685000000000011369e+02
1.318000000000000000e+03,5.125000000000013642e+02
1.319000000000000000e+03,3.979999999999993179e+02
1.320000000000000000e+03,3.934999999999993179e+02
1.321000000000000000e+03,4.540000000000002274e+02
1.322000000000000000e+03,5.365000000000013642e+02
1.323000000000000000e+03,1.055999999999999091e+03
1.324000000000000000e+03,1.765499999999998863e+03
1.325000000000000000e+03,3.395500000000000000e+03
1.326000000000000000e+03,6.165500000000001819e+03
1.327000000000000000e+03,1.429550000000000364e+04
1.328000000000000000e+03,2.664949999999999272e+04
1.329000000000000000e+03,5.601700000000001455e+04
1.330000000000000000e+03,9.144350000000002910e+04
1.331000000000000000e+03,1.157479999999999563e+05
1.332000000000000000e+03,1.396715000000000291e+05
1.333000000000000000e+03,1.448595000000000000e+05
1.334000000000000000e+03,1.557239999999999709e+05
1.335000000000000000e+03,1.691340000000000291e+05
1.336000000000000000e+03,1.917975000000000291e+05
1.337000000000000000e+03,1.879185000000000000e+05
1.338000000000000000e+03,1.822745000000000000e+05
1.339000000000000000e+03,1.520310000000000000e+05
1.340000000000000000e+03,1.291664999999999709e+05
1.341000000000000000e+03,1.156020000000000146e+05
1.342000000000000000e+03,1.083014999999999563e+05
1.343000000000000000e+03,8.803349999999998545e+04
1.344000000000000000e+03,6.733699999999998545e+04
1.345000000000000000e+03,3.776450000000000728e+04
1.346000000000000000e+03,1.299549999999999454e+04
1.347000000000000000e+03,4.855500000000000000e+03
1.348000000000000000e+03,8.474999999999997726e+02
1.349000000000000000e+03,3.620000000000009095e+02
1.350000000000000000e+03,1.680000000000002274e+02
1.351000000000000000e+03,1.679999999999990905e+02
1.352000000000000000e+03,7.449999999999886313e+01
1.353000000000000000e+03,1.114999999999988631e+02
1.354000000000000000e+03,2.919999999999986358e+02
1.355000000000000000e+03,3.600000000000013642e+02
1.356000000000000000e+03,4.514999999999984084e+02
1.357000000000000000e+03,4.884999999999988631e+02
1.358000000000000000e+03,3.215000000000015916e+02
1.359000000000000000e+03,2.694999999999990905e+02
1.360000000000000000e+03,2.704999999999988631e+02
1.361000000000000000e+03,3.334999999999993179e+02
1.362000000000000000e+03,3.404999999999997726e+02
1.363000000000000000e+03,2.319999999999990905e+02
1.364000000000000000e+03,9.599999999999863576e+01
1.365000000000000000e+03,1.524999999999984084e+02
1.366000000000000000e+03,1.840000000000015916e+02
1.367000000000000000e+03,2.144999999999986358e+02
1.368000000000000000e+03,4.004999999999986358e+02
1.369000000000000000e+03,2.124999999999984084e+02
1.370000000000000000e+03,1.605000000000000000e+02
1.371000000000000000e+03,8.849999999999977263e+01
1.372000000000000000e+03,1.260000000000002132e+02
1.373000000000000000e+03,2.474999999999995168e+02
1.374000000000000000e+03,2.060000000000006821e+02
1.375000000000000000e+03,1.480000000000015916e+02
1.376000000000000000e+03,1.114999999999995453e+02
1.377000000000000000e+03,2.024999999999997726e+02
1.378000000000000000e+03,2.490000000000009379e+02
1.379000000000000000e+03,2.740000000000006821e+02
1.380000000000000000e+03,4.850000000000068212e+01
1.381000000000000000e+03,1.224999999999999858e+02
1.382000000000000000e+03,1.954999999999995453e+02
1.383000000000000000e+03,2.409999999999988631e+02
1.384000000000000000e+03,1.320000000000002274e+02
1.385000000000000000e+03,1.504999999999984084e+02
1.386000000000000000e+03,1.505000000000002274e+02
1.387000000000000000e+03,2.385000000000009095e+02
1.388000000000000000e+03,2.734999999999993179e+02
1.389000000000000000e+03,3.565000000000011369e+02
1.390000000000000000e+03,2.045000000000000000e+02
1.391000000000000000e+03,2.174999999999993179e+02
1.392000000000000000e+03,3.620000000000006821e+02
1.393000000000000000e+03,5.214999999999997726e+02
1.394000000000000000e+03,5.990000000000011369e+02
1.395000000000000000e+03,8.179999999999993179e+02
1.396000000000000000e+03,1.512500000000000909e+03
1.397000000000000000e+03,1.635500000000000682e+03
1.398000000000000000e+03,2.184500000000001364e+03
1.399000000000000000e+03,3.295999999999998181e+03
1.400000000000000000e+03,5.587000000000000909e+03
1.401000000000000000e+03,1.170499999999999818e+04
1.402000000000000000e+03,2.297400000000000728e+04
1.403000000000000000e+03,5.983200000000000728e+04
1.404000000000000000e+03,1.194604999999999854e+05
1.405000000000000000e+03,2.424025000000000291e+05
1.406000000000000000e+03,3.993610000000000582e+05
1.407000000000000000e+03,4.817300000000000000e+05
1.408000000000000000e+03,5.588905000000001164e+05
1.409000000000000000e+03,5.808750000000001164e+05
1.410000000000000000e+03,5.912730000000000000e+05
1.411000000000000000e+03,5.804249999999997672e+05
1.412000000000000000e+03,5.682150000000000000e+05
1.413000000000000000e+03,5.085929999999998254e+05
1.414000000000000000e+03,4.390395000000001746e+05
1.415000000000000000e+03,2.797189999999999418e+05
1.416000000000000000e+03,1.437954999999999709e+05
1.417000000000000000e+03,6.278949999999999272e+04
1.418000000000000000e+03,1.253650000000000000e+04
1.419000000000000000e+03,3.937000000000001364e+03
1.420000000000000000e+03,1.067499999999998863e+03
1.421000000000000000e+03,7.684999999999988631e+02
1.422000000000000000e+03,6.249999999999997726e+02
1.423000000000000000e+03,4.685000000000015916e+02
1.424000000000000000e+03,4.165000000000013642e+02
1.425000000000000000e+03,4.060000000000013642e+02
1.426000000000000000e+03,4.115000000000002274e+02
1.427000000000000000e+03,3.385000000000011369e+02
1.428000000000000000e+03,3.344999999999995453e+02
1.429000000000000000e+03,2.999999999999995453e+02
1.430000000000000000e+03,2.049999999999997726e+02
1.431000000000000000e+03,2.015000000000004547e+02
1.432000000000000000e+03,2.540000000000015916e+02
1.433000000000000000e+03,2.900000000000000000e+02
1.434000000000000000e+03,2.555000000000009379e+02
1.435000000000000000e+03,2.810000000000002274e+02
1.436000000000000000e+03,2.275000000000015916e+02
1.437000000000000000e+03,2.045000000000002274e+02
1.438000000000000000e+03,1.835000000000009095e+02
1.439000000000000000e+03,3.255000000000015916e+02
1.440000000000000000e+03,4.264999999999993179e+02
1.441000000000000000e+03,3.839999999999990905e+02
1.442000000000000000e+03,4.605000000000002274e+02
1.443000000000000000e+03,4.180000000000011369e+02
1.444000000000000000e+03,3.469999999999984084e+02
1.445000000000000000e+03,2.194999999999997726e+02
1.446000000000000000e+03,1.885000000000015916e+02
1.447000000000000000e+03,2.065000000000000000e+02
1.448000000000000000e+03,2.250000000000013642e+02
1.449000000000000000e+03,3.365000000000011369e+02
1.450000000000000000e+03,3.794999999999993179e+02
1.451000000000000000e+03,8.225000000000013642e+02
1.452000000000000000e+03,1.617999999999998408e+03
1.453000000000000000e+03,3.892000000000003183e+03
1.454000000000000000e+03,8.538000000000000000e+03
1.455000000000000000e+03,2.469550000000000728e+04
1.456000000000000000e+03,5.027750000000000728e+04
1.457000000000000000e+03,1.012315000000000437e+05
1.458000000000000000e+03,1.657065000000000582e+05
1.459000000000000000e+03,2.269175000000000582e+05
1.460000000000000000e+03,2.904460000000001164e+05
1.461000000000000000e+03,3.160580000000000000e+05
1.462000000000000000e+03,3.411635000000000000e+05
1.463000000000000000e+03,3.263809999999999418e+05
1.464000000000000000e+03,3.174985000000000000e+05
1.465000000000000000e+03,2.696605000000000582e+05
1.466000000000000000e+03,2.217935000000000582e+05
1.467000000000000000e+03,1.477885000000000291e+05
1.468000000000000000e+03,8.243550000000002910e+04
1.469000000000000000e+03,3.871249999999999272e+04
1.470000000000000000e+03,9.323000000000000000e+03
1.471000000000000000e+03,2.884500000000000909e+03
1.472000000000000000e+03,6.904999999999984084e+02
1.473000000000000000e+03,3.074999999999986358e+02
1.474000000000000000e+03,2.664999999999997726e+02
1.475000000000000000e+03,1.559999999999986358e+02
1.476000000000000000e+03,6.350000000000000000e+01
1.477000000000000000e+03,1.525000000000002274e+02
1.478000000000000000e+03,1.820000000000006821e+02
1.479000000000000000e+03,1.764999999999995453e+02
1.480000000000000000e+03,1.074999999999986358e+02
1.481000000000000000e+03,1.559999999999986358e+02
1.482000000000000000e+03,1.954999999999990905e+02
1.483000000000000000e+03,1.639999999999993179e+02
1.484000000000000000e+03,1.215000000000008953e+02
1.485000000000000000e+03,5.649999999999977263e+01
1.486000000000000000e+03,1.435000000000004547e+02
1.487000000000000000e+03,1.420000000000000000e+02
1.488000000000000000e+03,3.250000000000045475e+01
1.489000000000000000e+03,1.000000000000227374e+00
1.490000000000000000e+03,-1.159999999999995453e+02
1.491000000000000000e+03,-5.499999999999863576e+01
1.492000000000000000e+03,1.714999999999986358e+02
1.493000000000000000e+03,2.489999999999984084e+02
1.494000000000000000e+03,1.475000000000004547e+02
1.495000000000000000e+03,7.750000000000000000e+01
1.496000000000000000e+03,-1.849999999999977263e+01
1.497000000000000000e+03,1.270000000000006963e+02
1.498000000000000000e+03,2.534999999999993463e+02
1.499000000000000000e+03,1.495000000000013642e+02
1.500000000000000000e+03,8.349999999999840838e+01
1.501000000000000000e+03,7.999999999999886313e+01
1.502000000000000000e+03,9.299999999999977263e+01
1.503000000000000000e+03,6.650000000000159162e+01
1.504000000000000000e+03,3.500000000000159162e+01
1.505000000000000000e+03,1.449999999999988631e+02
1.506000000000000000e+03,3.900000000000068212e+01
1.507000000000000000e+03,-2.499999999999886313e+01
1.508000000000000000e+03,4.899999999999909051e+01
1.509000000000000000e+03,1.039999999999995453e+02
1.510000000000000000e+03,7.200000000000159162e+01
1.511000000000000000e+03,5.000000000000909495e+00
1.512000000000000000e+03,1.189999999999997726e+02
1.513000000000000000e+03,1.365000000000004547e+02
1.514000000000000000e+03,1.535000000000013642e+02
1.515000000000000000e+03,-1.999999999998862910e+00
1.516000000000000000e+03,6.800000000000136424e+01
1.517000000000000000e+03,2.850000000000159162e+01
1.518000000000000000e+03,-9.499999999999317879e+00
1.519000000000000000e+03,-5.950000000000113687e+01
1.520000000000000000e+03,-1.445000000000009095e+02
1.521000000000000000e+03,-9.700000000000090949e+01
1.522000000000000000e+03,6.350000000000158451e+01
1.523000000000000000e+03,-1.899999999999840838e+01
1.524000000000000000e+03,-1.150000000000006821e+02
1.525000000000000000e+03,-5.949999999999977263e+01
1.526000000000000000e+03,1.400000000000022737e+01
1.527000000000000000e+03,-2.749999999999954525e+01
1.528000000000000000e+03,-8.550000000000159162e+01
1.529000000000000000e+03,2.750000000000136424e+01
1.530000000000000000e+03,4.400000000000113687e+01
1.531000000000000000e+03,4.250000000000136424e+01
1.532000000000000000e+03,3.600000000000136424e+01
1.533000000000000000e+03,-3.900000000000045475e+01
1.534000000000000000e+03,1.000000000000159162e+01
1.535000000000000000e+03,6.600000000000136424e+01
1.536000000000000000e+03,8.000000000001364242e+00
1.537000000000000000e+03,1.054999999999990905e+02
1.538000000000000000e+03,2.880000000000002274e+02
1.539000000000000000e+03,4.549999999999886313e+01
1.540000000000000000e+03,4.949999999999977263e+01
1.541000000000000000e+03,2.300000000000090949e+01
1.542000000000000000e+03,-3.299999999999954525e+01
1.543000000000000000e+03,-1.100000000000000000e+01
1.544000000000000000e+03,1.050000000000022737e+01
1.545000000000000000e+03,1.085000000000004547e+02
1.546000000000000000e+03,1.520000000000002274e+02
1.547000000000000000e+03,3.450000000000090949e+01
1.548000000000000000e+03,1.274999999999984084e+02
1.549000000000000000e+03,2.200000000000000000e+02
1.550000000000000000e+03,1.045000000000006821e+02
1.551000000000000000e+03,-4.150000000000159162e+01
1.552000000000000000e+03,-5.500000000000000000e+00
1.553000000000000000e+03,1.314999999999988631e+02
1.554000000000000000e+03,9.899999999999840838e+01
1.555000000000000000e+03,7.650000000000159162e+01
1.556000000000000000e+03,1.314999999999997726e+02
1.557000000000000000e+03,7.699999999999931788e+01
1.558000000000000000e+03,-7.750000000000090949e+01
1.559000000000000000e+03,4.099999999999886313e+01
1.560000000000000000e+03,2.619999999999995453e+02
1.561000000000000000e+03,1.444999999999990905e+02
1.562000000000000000e+03,1.849999999999931788e+01
1.563000000000000000e+03,7.700000000000159162e+01
1.564000000000000000e+03,-4.249999999999863576e+01
1.565000000000000000e+03,6.550000000000113687e+01
1.566000000000000000e+03,1.000000000000013642e+02
1.567000000000000000e+03,5.800000000000090949e+01
1.568000000000000000e+03,1.045000000000006821e+02
1.569000000000000000e+03,7.099999999999977263e+01
1.570000000000000000e+03,-2.150000000000022737e+01
1.571000000000000000e+03,2.499999999999886313e+01
1.572000000000000000e+03,2.189999999999988631e+02
1.573000000000000000e+03,1.774999999999997726e+02
1.574000000000000000e+03,1.045000000000000000e+02
1.575000000000000000e+03,8.550000000000000000e+01
1.576000000000000000e+03,-3.899999999999886313e+01
1.577000000000000000e+03,-8.349999999999840838e+01
1.578000000000000000e+03,8.349999999999977263e+01
1.579000000000000000e+03,1.359999999999993179e+02
1.580000000000000000e+03,5.200000000000000000e+01
1.581000000000000000e+03,-1.599999999999886313e+01
1.582000000000000000e+03,1.524999999999990905e+02
1.583000000000000000e+03,3.389999999999990905e+02
1.584000000000000000e+03,7.684999999999986358e+02
1.585000000000000000e+03,1.794500000000000455e+03
1.586000000000000000e+03,3.046000000000001364e+03
1.587000000000000000e+03,4.983999999999999091e+03
1.588000000000000000e+03,7.204999999999996362e+03
1.589000000000000000e+03,9.346500000000003638e+03
1.590000000000000000e+03,1.167449999999999818e+04
1.591000000000000000e+03,1.350949999999999818e+04
1.592000000000000000e+03,1.512100000000000364e+04
1.593000000000000000e+03,1.529700000000000728e+04
1.594000000000000000e+03,1.491200000000000546e+04
1.595000000000000000e+03,1.354249999999999454e+04
1.596000000000000000e+03,1.186550000000000182e+04
1.597000000000000000e+03,9.372000000000000000e+03
1.598000000000000000e+03,6.991000000000000909e+03
1.599000000000000000e+03,4.372000000000000000e+03
1.600000000000000000e+03,2.389000000000000909e+03
1.601000000000000000e+03,1.154499999999999091e+03
1.602000000000000000e+03,4.124999999999993179e+02
1.603000000000000000e+03,7.650000000000159162e+01
1.604000000000000000e+03,4.150000000000113687e+01
1.605000000000000000e+03,5.600000000000159162e+01
1.606000000000000000e+03,2.350000000000068212e+01
1.607000000000000000e+03,6.199999999999953815e+01
1.608000000000000000e+03,1.005000000000004547e+02
1.609000000000000000e+03,3.050000000000022382e+01
1.610000000000000000e+03,5.849999999999840838e+01
1.611000000000000000e+03,1.209999999999990905e+02
1.612000000000000000e+03,8.350000000000090949e+01
1.613000000000000000e+03,-1.099999999999886313e+01
1.614000000000000000e+03,6.449999999999863576e+01
1.615000000000000000e+03,2.164999999999995453e+02
1.616000000000000000e+03,2.895000000000000000e+02
1.617000000000000000e+03,5.795000000000009095e+02
1.618000000000000000e+03,1.059499999999999318e+03
1.619000000000000000e+03,1.564999999999998636e+03
1.620000000000000000e+03,2.370499999999999091e+03
1.621000000000000000e+03,3.766999999999999091e+03
1.622000000000000000e+03,5.419500000000000909e+03
1.623000000000000000e+03,7.253999999999998181e+03
1.624000000000000000e+03,9.066500000000001819e+03
1.625000000000000000e+03,1.097350000000000364e+04
1.626000000000000000e+03,1.300350000000000364e+04
1.627000000000000000e+03,1.471500000000000000e+04
1.628000000000000000e+03,1.611500000000000546e+04
1.629000000000000000e+03,1.653050000000000364e+04
1.630000000000000000e+03,1.662050000000000000e+04
1.631000000000000000e+03,1.608650000000000000e+04
1.632000000000000000e+03,1.499750000000000546e+04
1.633000000000000000e+03,1.307150000000000546e+04
1.634000000000000000e+03,1.084449999999999818e+04
1.635000000000000000e+03,8.571499999999998181e+03
1.636000000000000000e+03,6.492500000000003638e+03
1.637000000000000000e+03,4.811499999999997272e+03
1.638000000000000000e+03,3.242000000000000455e+03
1.639000000000000000e+03,1.948999999999998408e+03
1.640000000000000000e+03,9.939999999999990905e+02
1.641000000000000000e+03,3.329999999999997726e+02
1.642000000000000000e+03,8.349999999999886313e+01
1.643000000000000000e+03,4.350000000000022737e+01
1.644000000000000000e+03,2.750000000000113687e+01
1.645000000000000000e+03,-4.600000000000022737e+01
1.646000000000000000e+03,-3.500000000001136868e+00
1.647000000000000000e+03,-8.499999999998863132e+00
1.648000000000000000e+03,6.999999999998863132e+00
1.649000000000000000e+03,8.999999999999090505e+00
1.650000000000000000e+03,3.599999999999977263e+01
1.651000000000000000e+03,1.784999999999990905e+02
1.652000000000000000e+03,1.845000000000015916e+02
1.653000000000000000e+03,1.544999999999990905e+02
1.654000000000000000e+03,1.395000000000011369e+02
1.655000000000000000e+03,1.620000000000015916e+02
1.656000000000000000e+03,1.850000000000006821e+02
1.657000000000000000e+03,1.335000000000004547e+02
1.658000000000000000e+03,8.350000000000136424e+01
1.659000000000000000e+03,8.999999999999545253e+00
1.660000000000000000e+03,9.850000000000159162e+01
1.661000000000000000e+03,1.424999999999997726e+02
1.662000000000000000e+03,9.950000000000068212e+01
1.663000000000000000e+03,9.799999999999909051e+01
1.664000000000000000e+03,1.290000000000002274e+02
1.665000000000000000e+03,1.999999999999995453e+02
1.666000000000000000e+03,2.240000000000006821e+02
1.667000000000000000e+03,1.965000000000004547e+02
1.668000000000000000e+03,8.099999999999931788e+01
1.669000000000000000e+03,3.145000000000011369e+02
1.670000000000000000e+03,2.955000000000000000e+02
1.671000000000000000e+03,2.859999999999988631e+02
1.672000000000000000e+03,4.100000000000004547e+02
1.673000000000000000e+03,7.195000000000006821e+02
1.674000000000000000e+03,1.059499999999998636e+03
1.675000000000000000e+03,1.591500000000001137e+03
1.676000000000000000e+03,2.376499999999997272e+03
1.677000000000000000e+03,3.299000000000000000e+03
1.678000000000000000e+03,4.434999999999999091e+03
1.679000000000000000e+03,6.019500000000000909e+03
1.680000000000000000e+03,7.866999999999999091e+03
1.681000000000000000e+03,9.676499999999996362e+03
1.682000000000000000e+03,1.167399999999999636e+04
1.683000000000000000e+03,1.389400000000000000e+04
1.684000000000000000e+03,1.646550000000000364e+04
1.685000000000000000e+03,1.875099999999999636e+04
1.686000000000000000e+03,2.085250000000000364e+04
1.687000000000000000e+03,2.201150000000001091e+04
1.688000000000000000e+03,2.274050000000000000e+04
1.689000000000000000e+03,2.319650000000001091e+04
1.690000000000000000e+03,2.297099999999998909e+04
1.691000000000000000e+03,2.149450000000000364e+04
1.692000000000000000e+03,1.956149999999999636e+04
1.693000000000000000e+03,1.704550000000000364e+04
1.694000000000000000e+03,1.433199999999999818e+04
1.695000000000000000e+03,1.148149999999999818e+04
1.696000000000000000e+03,8.432999999999996362e+03
1.697000000000000000e+03,5.745000000000002728e+03
1.698000000000000000e+03,3.261999999999999545e+03
1.699000000000000000e+03,1.406999999999999318e+03
1.700000000000000000e+03,4.679999999999988631e+02
1.701000000000000000e+03,2.380000000000006821e+02
1.702000000000000000e+03,8.600000000000136424e+01
1.703000000000000000e+03,-5.649999999999909051e+01
1.704000000000000000e+03,1.050000000000015916e+02
1.705000000000000000e+03,1.845000000000004547e+02
1.706000000000000000e+03,1.294999999999993179e+02
1.707000000000000000e+03,-6.049999999999841549e+01
1.708000000000000000e+03,-1.555000000000002274e+02
1.709000000000000000e+03,-9.549999999999886313e+01
1.710000000000000000e+03,1.200000000000113687e+01
1.711000000000000000e+03,-3.699999999999886313e+01
1.712000000000000000e+03,-4.949999999999840838e+01
1.713000000000000000e+03,9.899999999999931788e+01
1.714000000000000000e+03,1.355000000000002274e+02
1.715000000000000000e+03,5.900000000000045475e+01
1.716000000000000000e+03,1.789999999999997726e+02
1.717000000000000000e+03,1.684999999999993179e+02
1.718000000000000000e+03,2.135000000000000000e+02
1.719000000000000000e+03,9.250000000000136424e+01
1.720000000000000000e+03,-9.499999999999545253e+00
1.721000000000000000e+03,6.499999999999772626e+00
1.722000000000000000e+03,7.749999999999954525e+01
1.723000000000000000e+03,3.900000000000045475e+01
1.724000000000000000e+03,8.399999999999954525e+01
1.725000000000000000e+03,1.049999999999993179e+02
1.726000000000000000e+03,1.439999999999997726e+02
1.727000000000000000e+03,1.539999999999988631e+02
1.728000000000000000e+03,1.609999999999993179e+02
1.729000000000000000e+03,1.264999999999993179e+02
1.730000000000000000e+03,2.350000000000013642e+02
1.731000000000000000e+03,2.704999999999990905e+02
1.732000000000000000e+03,1.109999999999995453e+02
1.733000000000000000e+03,2.050000000000113687e+01
1.734000000000000000e+03,4.350000000000113687e+01
1.735000000000000000e+03,1.220000000000011369e+02
1.736000000000000000e+03,-1.349999999999909051e+01
1.737000000000000000e+03,1.650000000000136424e+01
1.738000000000000000e+03,5.999999999999840838e+01
1.739000000000000000e+03,-2.500000000000000000e+00
1.740000000000000000e+03,6.749999999999977263e+01
1.741000000000000000e+03,1.640000000000011369e+02
1.742000000000000000e+03,6.249999999999863576e+01
1.743000000000000000e+03,1.424999999999990905e+02
1.744000000000000000e+03,7.949999999999931788e+01
1.745000000000000000e+03,7.899999999999954525e+01
1.746000000000000000e+03,1.740000000000004547e+02
1.747000000000000000e+03,2.855000000000000000e+02
1.748000000000000000e+03,1.959999999999990905e+02
1.749000000000000000e+03,1.749999999999977263e+01
1.750000000000000000e+03,1.500000000000000000e+01
1.751000000000000000e+03,1.425000000000013642e+02
1.752000000000000000e+03,2.049999999999993179e+02
1.753000000000000000e+03,1.784999999999990905e+02
1.754000000000000000e+03,2.445000000000011369e+02
1.755000000000000000e+03,1.419999999999988631e+02
1.756000000000000000e+03,1.135000000000006821e+02
1.757000000000000000e+03,1.520000000000004547e+02
1.758000000000000000e+03,3.284999999999995453e+02
1.759000000000000000e+03,2.823500000000003638e+03
1.760000000000000000e+03,5.292999999999999091e+03
1.761000000000000000e+03,2.632500000000000000e+03
1.762000000000000000e+03,1.470000000000006821e+02
1.763000000000000000e+03,8.849999999999954525e+01
1.764000000000000000e+03,2.744999999999995453e+02
1.765000000000000000e+03,4.080000000000009095e+02
1.766000000000000000e+03,3.494999999999995453e+02
1.767000000000000000e+03,3.659999999999988631e+02
1.768000000000000000e+03,5.604999999999993179e+02
1.769000000000000000e+03,8.520000000000013642e+02
1.770000000000000000e+03,1.065000000000000000e+03
1.771000000000000000e+03,1.390499999999998863e+03
1.772000000000000000e+03,1.600500000000000000e+03
1.773000000000000000e+03,2.015999999999999545e+03
1.774000000000000000e+03,2.337499999999999091e+03
1.775000000000000000e+03,2.386500000000000000e+03
1.776000000000000000e+03,2.574499999999998636e+03
1.777000000000000000e+03,2.695499999999999545e+03
1.778000000000000000e+03,2.794999999999999545e+03
1.779000000000000000e+03,2.741499999999999091e+03
1.780000000000000000e+03,2.399999999999999091e+03
1.781000000000000000e+03,1.971499999999998408e+03
1.782000000000000000e+03,1.673000000000001364e+03
1.783000000000000000e+03,1.305000000000001137e+03
1.784000000000000000e+03,1.028999999999999773e+03
1.785000000000000000e+03,8.220000000000009095e+02
1.786000000000000000e+03,3.684999999999984084e+02
1.787000000000000000e+03,1.439999999999984084e+02
1.788000000000000000e+03,8.100000000000159162e+01
1.789000000000000000e+03,2.240000000000000000e+02
1.790000000000000000e+03,1.190000000000013642e+02
1.791000000000000000e+03,8.350000000000136424e+01
1.792000000000000000e+03,1.320000000000011369e+02
1.793000000000000000e+03,1.605000000000006821e+02
1.794000000000000000e+03,5.899999999999977263e+01
1.795000000000000000e+03,2.215000000000015916e+02
1.796000000000000000e+03,2.534999999999995453e+02
1.797000000000000000e+03,4.724999999999995453e+02
1.798000000000000000e+03,4.664999999999984084e+02
1.799000000000000000e+03,4.879999999999989200e+02
1.800000000000000000e+03,4.900000000000005116e+02
1.801000000000000000e+03,7.565000000000013642e+02
1.802000000000000000e+03,1.164000000000001592e+03
1.803000000000000000e+03,1.539999999999998636e+03
1.804000000000000000e+03,2.520000000000000000e+03
1.805000000000000000e+03,3.635999999999998181e+03
1.806000000000000000e+03,4.289499999999997272e+03
1.807000000000000000e+03,5.002499999999996362e+03
1.808000000000000000e+03,4.933999999999997272e+03
1.809000000000000000e+03,4.997499999999998181e+03
1.810000000000000000e+03,4.799999999999999091e+03
1.811000000000000000e+03,4.508500000000000000e+03
1.812000000000000000e+03,3.770499999999997272e+03
1.813000000000000000e+03,3.163000000000000000e+03
1.814000000000000000e+03,2.214000000000000000e+03
1.815000000000000000e+03,1.242000000000000455e+03
1.816000000000000000e+03,8.240000000000013642e+02
1.817000000000000000e+03,6.119999999999997726e+02
1.818000000000000000e+03,4.989999999999993179e+02
1.819000000000000000e+03,3.389999999999984084e+02
1.820000000000000000e+03,3.625000000000013642e+02
1.821000000000000000e+03,2.570000000000002274e+02
1.822000000000000000e+03,6.750000000000159162e+01
1.823000000000000000e+03,9.150000000000136424e+01
1.824000000000000000e+03,1.374999999999986358e+02
1.825000000000000000e+03,1.805000000000009095e+02
1.826000000000000000e+03,2.185000000000015916e+02
1.827000000000000000e+03,2.435000000000011369e+02
1.828000000000000000e+03,2.459999999999984368e+02
1.829000000000000000e+03,3.444999999999988631e+02
1.830000000000000000e+03,5.095000000000000000e+02
1.831000000000000000e+03,6.280000000000000000e+02
1.832000000000000000e+03,7.409999999999993179e+02
1.833000000000000000e+03,9.475000000000000000e+02
1.834000000000000000e+03,8.284999999999993179e+02
1.835000000000000000e+03,9.304999999999997726e+02
1.836000000000000000e+03,1.021999999999998408e+03
1.837000000000000000e+03,9.744999999999992042e+02
1.838000000000000000e+03,1.040999999999999091e+03
1.839000000000000000e+03,1.011999999999998522e+03
1.840000000000000000e+03,8.984999999999984084e+02
1.841000000000000000e+03,9.435000000000009095e+02
1.842000000000000000e+03,1.144499999999998408e+03
1.843000000000000000e+03,1.459499999999999545e+03
1.844000000000000000e+03,1.673000000000001592e+03
1.845000000000000000e+03,1.963000000000000455e+03
1.846000000000000000e+03,2.135000000000000909e+03
1.847000000000000000e+03,2.139999999999999091e+03
1.848000000000000000e+03,2.209500000000001819e+03
1.849000000000000000e+03,2.300000000000000909e+03
1.850000000000000000e+03,2.751499999999998181e+03
1.851000000000000000e+03,3.113999999999999545e+03
1.852000000000000000e+03,3.977500000000001819e+03
1.853000000000000000e+03,4.980499999999999091e+03
1.854000000000000000e+03,6.249500000000002728e+03
1.855000000000000000e+03,7.696000000000000909e+03
1.856000000000000000e+03,7.920000000000001819e+03
1.857000000000000000e+03,8.147000000000003638e+03
1.858000000000000000e+03,7.511499999999996362e+03
1.859000000000000000e+03,6.885499999999997272e+03
1.860000000000000000e+03,5.889000000000003638e+03
1.861000000000000000e+03,4.917499999999999091e+03
1.862000000000000000e+03,3.659999999999999091e+03
1.863000000000000000e+03,2.467000000000000000e+03
1.864000000000000000e+03,2.025500000000000000e+03
1.865000000000000000e+03,1.479499999999999545e+03
1.866000000000000000e+03,1.398499999999999773e+03
1.867000000000000000e+03,1.316000000000001592e+03
1.868000000000000000e+03,1.236000000000001137e+03
1.869000000000000000e+03,1.224500000000000455e+03
1.870000000000000000e+03,1.358000000000000455e+03
1.871000000000000000e+03,1.262000000000000682e+03
1.872000000000000000e+03,1.177999999999999545e+03
1.873000000000000000e+03,1.121000000000000455e+03
1.874000000000000000e+03,9.855000000000013642e+02
1.875000000000000000e+03,9.199999999999986358e+02
1.876000000000000000e+03,7.510000000000013642e+02
1.877000000000000000e+03,5.005000000000011937e+02
1.878000000000000000e+03,3.489999999999984084e+02
1.879000000000000000e+03,2.255000000000015916e+02
1.880000000000000000e+03,2.319999999999990905e+02
1.881000000000000000e+03,2.734999999999995453e+02
1.882000000000000000e+03,3.619999999999993179e+02
1.883000000000000000e+03,3.570000000000000000e+02
1.884000000000000000e+03,2.210000000000015916e+02
1.885000000000000000e+03,1.414999999999988631e+02
1.886000000000000000e+03,5.400000000000022737e+01
1.887000000000000000e+03,1.074999999999984084e+02
1.888000000000000000e+03,2.409999999999986073e+02
1.889000000000000000e+03,2.170000000000000000e+02
1.890000000000000000e+03,1.439999999999993179e+02
1.891000000000000000e+03,4.100000000000136424e+01
1.892000000000000000e+03,1.629999999999990905e+02
1.893000000000000000e+03,2.664999999999988631e+02
1.894000000000000000e+03,1.459999999999990905e+02
1.895000000000000000e+03,2.185000000000004547e+02
1.896000000000000000e+03,2.880000000000013642e+02
1.897000000000000000e+03,2.630000000000006821e+02
1.898000000000000000e+03,1.589999999999986358e+02
1.899000000000000000e+03,1.350000000000006821e+02
1.900000000000000000e+03,1.849999999999997726e+02
1.901000000000000000e+03,1.759999999999990905e+02
1.902000000000000000e+03,1.699999999999986358e+02
1.903000000000000000e+03,1.574999999999990905e+02
1.904000000000000000e+03,2.150000000000009095e+02
1.905000000000000000e+03,1.754999999999995453e+02
1.906000000000000000e+03,1.965000000000013642e+02
1.907000000000000000e+03,2.019999999999986358e+02
1.908000000000000000e+03,8.549999999999931788e+01
1.909000000000000000e+03,1.050000000000045475e+01
1.910000000000000000e+03,1.530000000000009095e+02
1.911000000000000000e+03,3.514999999999997726e+02
1.912000000000000000e+03,5.170000000000006821e+02
1.913000000000000000e+03,5.404999999999984084e+02
1.914000000000000000e+03,5.425000000000006821e+02
1.915000000000000000e+03,7.350000000000009095e+02
1.916000000000000000e+03,6.475000000000006821e+02
1.917000000000000000e+03,7.469999999999995453e+02
1.918000000000000000e+03,8.584999999999997726e+02
1.919000000000000000e+03,8.394999999999995453e+02
1.920000000000000000e+03,9.584999999999984084e+02
1.921000000000000000e+03,1.130500000000000455e+03
1.922000000000000000e+03,1.582500000000000909e+03
1.923000000000000000e+03,1.904500000000000000e+03
1.924000000000000000e+03,2.079499999999999091e+03
1.925000000000000000e+03,2.315999999999998181e+03
1.926000000000000000e+03,2.275999999999999091e+03
1.927000000000000000e+03,2.086000000000000909e+03
1.928000000000000000e+03,2.079500000000001819e+03
1.929000000000000000e+03,2.123500000000000909e+03
1.930000000000000000e+03,2.222500000000000909e+03
1.931000000000000000e+03,2.304500000000000000e+03
1.932000000000000000e+03,2.056000000000001819e+03
1.933000000000000000e+03,1.821500000000000682e+03
1.934000000000000000e+03,1.914999999999998863e+03
1.935000000000000000e+03,1.995000000000001364e+03
1.936000000000000000e+03,2.279000000000000000e+03
1.937000000000000000e+03,2.507499999999999545e+03
1.938000000000000000e+03,2.681500000000000909e+03
1.939000000000000000e+03,2.959500000000000909e+03
1.940000000000000000e+03,2.691499999999998181e+03
1.941000000000000000e+03,2.513000000000001364e+03
1.942000000000000000e+03,2.249500000000000909e+03
1.943000000000000000e+03,2.227999999999999545e+03
1.944000000000000000e+03,1.920999999999999091e+03
1.945000000000000000e+03,1.477999999999998863e+03
1.946000000000000000e+03,7.875000000000011369e+02
1.947000000000000000e+03,3.219999999999986358e+02
1.948000000000000000e+03,2.525000000000008811e+02
1.949000000000000000e+03,2.130000000000013642e+02
1.950000000000000000e+03,2.135000000000011369e+02
1.951000000000000000e+03,2.384999999999988631e+02
1.952000000000000000e+03,1.284999999999995453e+02
1.953000000000000000e+03,7.549999999999909051e+01
1.954000000000000000e+03,9.350000000000113687e+01
1.955000000000000000e+03,1.600000000000002274e+02
1.956000000000000000e+03,8.300000000000000000e+01
1.957000000000000000e+03,9.200000000000090949e+01
1.958000000000000000e+03,1.504999999999995453e+02
1.959000000000000000e+03,2.070000000000009095e+02
1.960000000000000000e+03,1.790000000000004547e+02
1.961000000000000000e+03,2.074999999999990905e+02
1.962000000000000000e+03,2.649999999999988631e+02
1.963000000000000000e+03,3.449999999999990905e+02
1.964000000000000000e+03,3.954999999999990905e+02
1.965000000000000000e+03,3.314999999999986358e+02
1.966000000000000000e+03,2.625000000000009095e+02
1.967000000000000000e+03,3.869999999999984084e+02
1.968000000000000000e+03,5.559999999999990905e+02
1.969000000000000000e+03,7.985000000000006821e+02
1.970000000000000000e+03,1.277499999999999091e+03
1.971000000000000000e+03,1.736999999999999545e+03
1.972000000000000000e+03,1.860999999999999318e+03
1.973000000000000000e+03,1.759500000000000000e+03
1.974000000000000000e+03,1.593999999999998408e+03
1.975000000000000000e+03,1.480999999999999545e+03
1.976000000000000000e+03,1.387999999999999318e+03
1.977000000000000000e+03,1.357500000000000682e+03
1.978000000000000000e+03,1.067000000000000909e+03
1.979000000000000000e+03,7.320000000000015916e+02
1.980000000000000000e+03,4.205000000000002274e+02
1.981000000000000000e+03,2.340000000000006821e+02
1.982000000000000000e+03,1.705000000000015916e+02
1.983000000000000000e+03,1.800000000000015916e+02
1.984000000000000000e+03,1.924999999999990905e+02
1.985000000000000000e+03,3.204999999999988631e+02
1.986000000000000000e+03,2.455000000000002274e+02
1.987000000000000000e+03,1.119999999999988631e+02
1.988000000000000000e+03,2.034999999999988631e+02
1.989000000000000000e+03,2.494999999999984084e+02
1.990000000000000000e+03,1.765000000000013642e+02
1.991000000000000000e+03,1.795000000000011369e+02
1.992000000000000000e+03,1.760000000000013642e+02
1.993000000000000000e+03,2.115000000000004547e+02
1.994000000000000000e+03,2.094999999999993179e+02
1.995000000000000000e+03,2.189999999999986358e+02
1.996000000000000000e+03,1.265000000000006679e+02
1.997000000000000000e+03,1.074999999999984084e+02
1.998000000000000000e+03,1.560000000000006821e+02
1.999000000000000000e+03,2.425000000000009095e+02
2.000000000000000000e+03,1.754999999999988631e+02
2.001000000000000000e+03,3.595000000000011369e+02
2.002000000000000000e+03,3.749999999999988631e+02
2.003000000000000000e+03,3.764999999999988631e+02
2.004000000000000000e+03,3.945000000000009095e+02
2.005000000000000000e+03,4.854999999999986358e+02
2.006000000000000000e+03,5.675000000000015916e+02
2.007000000000000000e+03,6.980000000000011369e+02
2.008000000000000000e+03,9.924999999999996589e+02
2.009000000000000000e+03,1.247000000000000909e+03
2.010000000000000000e+03,1.525000000000001137e+03
2.011000000000000000e+03,1.918499999999999545e+03
2.012000000000000000e+03,2.091999999999999091e+03
2.013000000000000000e+03,2.082000000000000909e+03
2.014000000000000000e+03,1.936500000000001592e+03
2.015000000000000000e+03,1.964000000000000909e+03
2.016000000000000000e+03,1.792499999999998636e+03
2.017000000000000000e+03,1.469499999999998863e+03
2.018000000000000000e+03,1.005500000000000796e+03
2.019000000000000000e+03,6.704999999999997726e+02
2.020000000000000000e+03,5.605000000000013642e+02
2.021000000000000000e+03,4.475000000000000000e+02
2.022000000000000000e+03,4.724999999999984084e+02
2.023000000000000000e+03,6.074999999999984084e+02
2.024000000000000000e+03,6.665000000000013642e+02
2.025000000000000000e+03,6.819999999999997726e+02
2.026000000000000000e+03,6.965000000000002274e+02
2.027000000000000000e+03,7.044999999999995453e+02
2.028000000000000000e+03,7.050000000000015916e+02
2.029000000000000000e+03,6.745000000000011369e+02
2.030000000000000000e+03,3.370000000000013642e+02
2.031000000000000000e+03,2.345000000000006821e+02
2.032000000000000000e+03,2.359999999999997726e+02
2.033000000000000000e+03,2.110000000000006821e+02
2.034000000000000000e+03,3.115000000000006821e+02
2.035000000000000000e+03,2.919999999999993179e+02
2.036000000000000000e+03,1.690000000000015916e+02
2.037000000000000000e+03,1.385000000000013642e+02
2.038000000000000000e+03,2.725000000000009095e+02
2.039000000000000000e+03,2.909999999999988631e+02
2.040000000000000000e+03,3.274999999999993179e+02
2.041000000000000000e+03,3.254999999999997726e+02
2.042000000000000000e+03,3.589999999999988631e+02
2.043000000000000000e+03,1.889999999999984084e+02
2.044000000000000000e+03,1.159999999999993179e+02
2.045000000000000000e+03,2.550000000000004832e+02
2.046000000000000000e+03,3.599999999999993179e+02
2.047000000000000000e+03,2.749999999999986358e+02
2.048000000000000000e+03,1.929999999999986358e+02
2.049000000000000000e+03,2.974999999999986358e+02
2.050000000000000000e+03,2.844999999999984084e+02
2.051000000000000000e+03,3.600000000000009095e+02
2.052000000000000000e+03,2.470000000000002274e+02
2.053000000000000000e+03,2.424999999999993179e+02
2.054000000000000000e+03,1.945000000000002274e+02
2.055000000000000000e+03,1.849999999999997726e+02
2.056000000000000000e+03,2.014999999999986358e+02
2.057000000000000000e+03,2.215000000000009095e+02
2.058000000000000000e+03,4.079999999999986358e+02
2.059000000000000000e+03,3.850000000000013642e+02
2.060000000000000000e+03,2.560000000000011369e+02
2.061000000000000000e+03,3.164999999999988631e+02
2.062000000000000000e+03,3.400000000000015916e+02
2.063000000000000000e+03,3.684999999999995453e+02
2.064000000000000000e+03,1.809999999999990905e+02
2.065000000000000000e+03,9.749999999999909051e+01
2.066000000000000000e+03,1.889999999999984084e+02
2.067000000000000000e+03,1.945000000000011369e+02
2.068000000000000000e+03,1.449999999999984084e+02
2.069000000000000000e+03,8.149999999999931788e+01
2.070000000000000000e+03,-9.999999999988631316e-01
2.071000000000000000e+03,2.949999999999909051e+01
2.072000000000000000e+03,2.679999999999995453e+02
2.073000000000000000e+03,2.265000000000002274e+02
2.074000000000000000e+03,1.580000000000015916e+02
2.075000000000000000e+03,2.544999999999993463e+02
2.076000000000000000e+03,2.029999999999988631e+02
2.077000000000000000e+03,1.460000000000013642e+02
2.078000000000000000e+03,2.104999999999993179e+02
2.079000000000000000e+03,3.140000000000006821e+02
2.080000000000000000e+03,3.509999999999988631e+02
2.081000000000000000e+03,3.375000000000006821e+02
2.082000000000000000e+03,2.774999999999988631e+02
2.083000000000000000e+03,1.894999999999995453e+02
2.084000000000000000e+03,1.579999999999997726e+02
2.085000000000000000e+03,7.200000000000000000e+01
2.086000000000000000e+03,1.819999999999984084e+02
2.087000000000000000e+03,2.399999999999995453e+02
2.088000000000000000e+03,2.215000000000002274e+02
2.089000000000000000e+03,2.240000000000002274e+02
2.090000000000000000e+03,1.930000000000015916e+02
2.091000000000000000e+03,1.435000000000009095e+02
2.092000000000000000e+03,2.355000000000009095e+02
2.093000000000000000e+03,4.135000000000004547e+02
2.094000000000000000e+03,2.695000000000009095e+02
2.095000000000000000e+03,1.460000000000000000e+02
2.096000000000000000e+03,1.649999999999990905e+02
2.097000000000000000e+03,1.984999999999997726e+02
2.098000000000000000e+03,2.070000000000002274e+02
2.099000000000000000e+03,9.549999999999863576e+01
2.100000000000000000e+03,1.470000000000000000e+02
2.101000000000000000e+03,9.049999999999886313e+01
2.102000000000000000e+03,3.899999999999977263e+01
2.103000000000000000e+03,4.750000000000068212e+01
2.104000000000000000e+03,1.495000000000011369e+02
2.105000000000000000e+03,1.875000000000011369e+02
2.106000000000000000e+03,1.314999999999990905e+02
2.107000000000000000e+03,1.310000000000015916e+02
2.108000000000000000e+03,1.947999999999999773e+03
2.109000000000000000e+03,3.788000000000000000e+03
2.110000000000000000e+03,2.051500000000000455e+03
2.111000000000000000e+03,3.455000000000004547e+02
2.112000000000000000e+03,2.590000000000004547e+02
2.113000000000000000e+03,1.500000000000013642e+02
2.114000000000000000e+03,1.510000000000011369e+02
2.115000000000000000e+03,2.624999999999990905e+02
2.116000000000000000e+03,2.930000000000009095e+02
2.117000000000000000e+03,2.805000000000006821e+02
2.118000000000000000e+03,1.794999999999997726e+02
2.119000000000000000e+03,2.109999999999995453e+02
2.120000000000000000e+03,1.665000000000004547e+02
2.121000000000000000e+03,7.199999999999931788e+01
2.122000000000000000e+03,1.449999999999990905e+02
2.123000000000000000e+03,4.319999999999986358e+02
2.124000000000000000e+03,1.934999999999995453e+02
2.125000000000000000e+03,1.439999999999997726e+02
2.126000000000000000e+03,2.034999999999988631e+02
2.127000000000000000e+03,1.930000000000004547e+02
2.128000000000000000e+03,2.860000000000009095e+02
2.129000000000000000e+03,2.760000000000015916e+02
2.130000000000000000e+03,2.269999999999995453e+02
2.131000000000000000e+03,2.044999999999986358e+02
2.132000000000000000e+03,1.155000000000009095e+02
2.133000000000000000e+03,1.065000000000013642e+02
2.134000000000000000e+03,1.510000000000002274e+02
2.135000000000000000e+03,2.605000000000006821e+02
2.136000000000000000e+03,1.580000000000002274e+02
2.137000000000000000e+03,1.590000000000006821e+02
2.138000000000000000e+03,1.514999999999990905e+02
2.139000000000000000e+03,1.680000000000015916e+02
2.140000000000000000e+03,1.395000000000011369e+02
2.141000000000000000e+03,1.135000000000009095e+02
2.142000000000000000e+03,6.850000000000068212e+01
2.143000000000000000e+03,1.805000000000002274e+02
2.144000000000000000e+03,2.295000000000013642e+02
2.145000000000000000e+03,2.195000000000011369e+02
2.146000000000000000e+03,2.224999999999984084e+02
2.147000000000000000e+03,2.385000000000013642e+02
2.148000000000000000e+03,1.644999999999988631e+02
2.149000000000000000e+03,2.044999999999993179e+02
2.150000000000000000e+03,2.515000000000004547e+02
2.151000000000000000e+03,3.999999999999988631e+02
2.152000000000000000e+03,3.000000000000013642e+02
2.153000000000000000e+03,3.085000000000011369e+02
2.154000000000000000e+03,2.620000000000006821e+02
2.155000000000000000e+03,2.155000000000002274e+02
2.156000000000000000e+03,1.179999999999988631e+02
2.157000000000000000e+03,1.695000000000002274e+02
2.158000000000000000e+03,2.444999999999988347e+02
2.159000000000000000e+03,2.410000000000011084e+02
2.160000000000000000e+03,2.480000000000011369e+02
2.161000000000000000e+03,1.479999999999997726e+02
2.162000000000000000e+03,9.449999999999909051e+01
2.163000000000000000e+03,1.559999999999986358e+02
2.164000000000000000e+03,1.795000000000002274e+02
2.165000000000000000e+03,2.049999999999984084e+02
2.166000000000000000e+03,2.435000000000000000e+02
2.167000000000000000e+03,2.065000000000013642e+02
2.168000000000000000e+03,1.825000000000013642e+02
2.169000000000000000e+03,1.759999999999988631e+02
2.170000000000000000e+03,1.680000000000004547e+02
2.171000000000000000e+03,1.145000000000013642e+02
2.172000000000000000e+03,1.875000000000000000e+02
2.173000000000000000e+03,3.455000000000000000e+02
2.174000000000000000e+03,3.694999999999997726e+02
2.175000000000000000e+03,3.280000000000004547e+02
2.176000000000000000e+03,3.194999999999993179e+02
2.177000000000000000e+03,4.510000000000006821e+02
2.178000000000000000e+03,3.900000000000009095e+02
2.179000000000000000e+03,3.630000000000011369e+02
2.180000000000000000e+03,2.474999999999990905e+02
2.181000000000000000e+03,3.044999999999995453e+02
2.182000000000000000e+03,2.904999999999993179e+02
2.183000000000000000e+03,2.930000000000009095e+02
2.184000000000000000e+03,2.970000000000011369e+02
2.185000000000000000e+03,3.185000000000015916e+02
2.186000000000000000e+03,3.049999999999997726e+02
2.187000000000000000e+03,2.500000000000006537e+02
2.188000000000000000e+03,2.015000000000006821e+02
2.189000000000000000e+03,2.420000000000011084e+02
2.190000000000000000e+03,3.235000000000013642e+02
2.191000000000000000e+03,4.354999999999984084e+02
2.192000000000000000e+03,4.045000000000006821e+02
2.193000000000000000e+03,2.080000000000011369e+02
2.194000000000000000e+03,2.874999999999993179e+02
2.195000000000000000e+03,3.324999999999993179e+02
2.196000000000000000e+03,3.440000000000004547e+02
2.197000000000000000e+03,3.574999999999997726e+02
2.198000000000000000e+03,3.105000000000002274e+02
2.199000000000000000e+03,3.334999999999997726e+02
2.200000000000000000e+03,3.425000000000011369e+02
2.201000000000000000e+03,3.885000000000013642e+02
2.202000000000000000e+03,3.249999999999984084e+02
2.203000000000000000e+03,3.700000000000002274e+02
2.204000000000000000e+03,4.145000000000009095e+02
2.205000000000000000e+03,4.795000000000006821e+02
2.206000000000000000e+03,4.619999999999997726e+02
2.207000000000000000e+03,3.399999999999993179e+02
2.208000000000000000e+03,4.360000000000000000e+02
2.209000000000000000e+03,6.490000000000013642e+02
2.210000000000000000e+03,5.159999999999986358e+02
2.211000000000000000e+03,4.435000000000009095e+02
2.212000000000000000e+03,5.250000000000000000e+02
2.213000000000000000e+03,6.640000000000002274e+02
2.214000000000000000e+03,7.840000000000000000e+02
2.215000000000000000e+03,8.450000000000002274e+02
2.216000000000000000e+03,1.009499999999999773e+03
2.217000000000000000e+03,1.299999999999999318e+03
2.218000000000000000e+03,1.230999999999998636e+03
2.219000000000000000e+03,1.314000000000000909e+03
2.220000000000000000e+03,1.239499999999998408e+03
2.221000000000000000e+03,1.306999999999998863e+03
2.222000000000000000e+03,1.166999999999999545e+03
2.223000000000000000e+03,1.177999999999999318e+03
2.224000000000000000e+03,9.615000000000013642e+02
2.225000000000000000e+03,7.744999999999984084e+02
2.226000000000000000e+03,5.394999999999986358e+02
2.227000000000000000e+03,5.654999999999997726e+02
2.228000000000000000e+03,6.609999999999993179e+02
2.229000000000000000e+03,6.485000000000002274e+02
2.230000000000000000e+03,5.750000000000002274e+02
2.231000000000000000e+03,6.155000000000011369e+02
2.232000000000000000e+03,5.940000000000006821e+02
2.233000000000000000e+03,6.309999999999990905e+02
2.234000000000000000e+03,5.140000000000004547e+02
2.235000000000000000e+03,3.720000000000011369e+02
2.236000000000000000e+03,2.140000000000000000e+02
2.237000000000000000e+03,2.934999999999984084e+02
2.238000000000000000e+03,4.160000000000006821e+02
2.239000000000000000e+03,3.880000000000004547e+02
2.240000000000000000e+03,4.074999999999984084e+02
2.241000000000000000e+03,3.590000000000015916e+02
2.242000000000000000e+03,2.754999999999995453e+02
2.243000000000000000e+03,3.425000000000006821e+02
2.244000000000000000e+03,3.334999999999986358e+02
2.245000000000000000e+03,3.429999999999995453e+02
2.246000000000000000e+03,3.984999999999997726e+02
2.247000000000000000e+03,3.470000000000011369e+02
2.248000000000000000e+03,3.474999999999995453e+02
2.249000000000000000e+03,3.549999999999988631e+02
2.250000000000000000e+03,2.454999999999995168e+02
2.251000000000000000e+03,1.689999999999995453e+02
2.252000000000000000e+03,2.565000000000002274e+02
2.253000000000000000e+03,3.914999999999990905e+02
2.254000000000000000e+03,4.179999999999993179e+02
2.255000000000000000e+03,3.064999999999993179e+02
2.256000000000000000e+03,4.010000000000000000e+02
2.257000000000000000e+03,3.404999999999990905e+02
2.258000000000000000e+03,2.900000000000006821e+02
2.259000000000000000e+03,3.384999999999990905e+02
2.260000000000000000e+03,3.999999999999990905e+02
2.261000000000000000e+03,4.290000000000004547e+02
2.262000000000000000e+03,4.085000000000015916e+02
2.263000000000000000e+03,2.989999999999995453e+02
2.264000000000000000e+03,2.185000000000013642e+02
2.265000000000000000e+03,2.789999999999990905e+02
2.266000000000000000e+03,3.045000000000000000e+02
2.267000000000000000e+03,2.640000000000004547e+02
2.268000000000000000e+03,1.945000000000009095e+02
2.269000000000000000e+03,3.154999999999997726e+02
2.270000000000000000e+03,4.039999999999995453e+02
2.271000000000000000e+03,3.984999999999997726e+02
2.272000000000000000e+03,3.884999999999997726e+02
2.273000000000000000e+03,1.834999999999988631e+02
2.274000000000000000e+03,1.339999999999997726e+02
2.275000000000000000e+03,3.079999999999986358e+02
2.276000000000000000e+03,4.014999999999986358e+02
2.277000000000000000e+03,3.880000000000009095e+02
2.278000000000000000e+03,3.895000000000004547e+02
2.279000000000000000e+03,3.879999999999990905e+02
2.280000000000000000e+03,3.479999999999995453e+02
2.281000000000000000e+03,4.434999999999988631e+02
2.282000000000000000e+03,3.950000000000004547e+02
2.283000000000000000e+03,3.780000000000013642e+02
2.284000000000000000e+03,4.455000000000000000e+02
2.285000000000000000e+03,4.920000000000005116e+02
2.286000000000000000e+03,2.839999999999993179e+02
2.287000000000000000e+03,3.910000000000009095e+02
2.288000000000000000e+03,3.839999999999984084e+02
2.289000000000000000e+03,4.179999999999988631e+02
2.290000000000000000e+03,3.540000000000013642e+02
2.291000000000000000e+03,3.515000000000004547e+02
2.292000000000000000e+03,2.994999999999993179e+02
2.293000000000000000e+03,3.274999999999990905e+02
2.294000000000000000e+03,2.839999999999986358e+02
2.295000000000000000e+03,4.624999999999986358e+02
2.296000000000000000e+03,4.020000000000002274e+02
2.297000000000000000e+03,3.650000000000004547e+02
2.298000000000000000e+03,3.530000000000011369e+02
2.299000000000000000e+03,2.665000000000011369e+02
2.300000000000000000e+03,3.339999999999997726e+02
2.301000000000000000e+03,4.100000000000004547e+02
2.302000000000000000e+03,3.720000000000011369e+02
2.303000000000000000e+03,3.839999999999986358e+02
2.304000000000000000e+03,3.890000000000002274e+02
2.305000000000000000e+03,4.214999999999984084e+02
2.306000000000000000e+03,4.940000000000011369e+02
2.307000000000000000e+03,3.405000000000006821e+02
2.308000000000000000e+03,4.349999999999984084e+02
2.309000000000000000e+03,5.580000000000004547e+02
2.310000000000000000e+03,5.189999999999995453e+02
2.311000000000000000e+03,4.699999999999997726e+02
2.312000000000000000e+03,4.965000000000014211e+02
2.313000000000000000e+03,5.070000000000011369e+02
2.314000000000000000e+03,5.854999999999993179e+02
2.315000000000000000e+03,5.709999999999993179e+02
2.316000000000000000e+03,4.879999999999995453e+02
2.317000000000000000e+03,5.855000000000004547e+02
2.318000000000000000e+03,5.390000000000009095e+02
2.319000000000000000e+03,5.660000000000011369e+02
2.320000000000000000e+03,6.025000000000013642e+02
2.321000000000000000e+03,5.505000000000009095e+02
2.322000000000000000e+03,5.175000000000000000e+02
2.323000000000000000e+03,3.585000000000006821e+02
2.324000000000000000e+03,4.159999999999995453e+02
2.325000000000000000e+03,4.384999999999997726e+02
2.326000000000000000e+03,2.055000000000004547e+02
2.327000000000000000e+03,1.905000000000013642e+02
2.328000000000000000e+03,2.449999999999999716e+02
2.329000000000000000e+03,2.504999999999990905e+02
2.330000000000000000e+03,2.399999999999995453e+02
2.331000000000000000e+03,2.815000000000011369e+02
2.332000000000000000e+03,2.950000000000006821e+02
2.333000000000000000e+03,3.469999999999990905e+02
2.334000000000000000e+03,2.995000000000000000e+02
2.335000000000000000e+03,3.384999999999993179e+02
2.336000000000000000e+03,3.050000000000009095e+02
2.337000000000000000e+03,2.305000000000006821e+02
2.338000000000000000e+03,3.165000000000015916e+02
2.339000000000000000e+03,4.459999999999993179e+02
2.340000000000000000e+03,3.940000000000013642e+02
2.341000000000000000e+03,3.659999999999997726e+02
2.342000000000000000e+03,4.129999999999993179e+02
2.343000000000000000e+03,4.584999999999995453e+02
2.344000000000000000e+03,4.224999999999988631e+02
2.345000000000000000e+03,2.234999999999988631e+02
2.346000000000000000e+03,2.419999999999986642e+02
2.347000000000000000e+03,3.320000000000004547e+02
2.348000000000000000e+03,3.774999999999997726e+02
2.349000000000000000e+03,3.480000000000009095e+02
2.350000000000000000e+03,3.864999999999986358e+02
2.351000000000000000e+03,3.284999999999995453e+02
2.352000000000000000e+03,3.834999999999997726e+02
2.353000000000000000e+03,5.935000000000004547e+02
2.354000000000000000e+03,6.135000000000015916e+02
2.355000000000000000e+03,6.370000000000009095e+02
2.356000000000000000e+03,6.755000000000013642e+02
2.357000000000000000e+03,6.449999999999986358e+02
2.358000000000000000e+03,5.500000000000000000e+02
2.359000000000000000e+03,3.825000000000015916e+02
2.360000000000000000e+03,2.975000000000013642e+02
2.361000000000000000e+03,4.675000000000015916e+02
2.362000000000000000e+03,5.589999999999986358e+02
2.363000000000000000e+03,4.999999999999994884e+02
2.364000000000000000e+03,3.964999999999995453e+02
2.365000000000000000e+03,3.445000000000004547e+02
2.366000000000000000e+03,2.855000000000000000e+02
2.367000000000000000e+03,2.379999999999984084e+02
2.368000000000000000e+03,3.145000000000000000e+02
2.369000000000000000e+03,3.705000000000015916e+02
2.370000000000000000e+03,2.940000000000004547e+02
2.371000000000000000e+03,2.789999999999984084e+02
2.372000000000000000e+03,2.864999999999995453e+02
2.373000000000000000e+03,3.019999999999990905e+02
2.374000000000000000e+03,2.079999999999984084e+02
2.375000000000000000e+03,1.840000000000006821e+02
2.376000000000000000e+03,2.915000000000000000e+02
2.377000000000000000e+03,4.830000000000006821e+02
2.378000000000000000e+03,3.919999999999986358e+02
2.379000000000000000e+03,3.300000000000013642e+02
2.380000000000000000e+03,3.310000000000000000e+02
2.381000000000000000e+03,3.129999999999993179e+02
2.382000000000000000e+03,2.825000000000000000e+02
2.383000000000000000e+03,2.174999999999990905e+02
2.384000000000000000e+03,2.624999999999995453e+02
2.385000000000000000e+03,3.644999999999986358e+02
2.386000000000000000e+03,3.804999999999995453e+02
2.387000000000000000e+03,1.884999999999984084e+02
2.388000000000000000e+03,9.949999999999909051e+01
2.389000000000000000e+03,1.219999999999995453e+02
2.390000000000000000e+03,1.750000000000000000e+02
2.391000000000000000e+03,1.625000000000000000e+02
2.392000000000000000e+03,2.309999999999988631e+02
2.393000000000000000e+03,4.319999999999997726e+02
2.394000000000000000e+03,3.920000000000004547e+02
2.395000000000000000e+03,4.580000000000011369e+02
2.396000000000000000e+03,4.700000000000015916e+02
2.397000000000000000e+03,3.580000000000004547e+02
2.398000000000000000e+03,2.339999999999995453e+02
2.399000000000000000e+03,2.984999999999995453e+02
2.400000000000000000e+03,2.329999999999988631e+02
2.401000000000000000e+03,2.099999999999988631e+02
2.402000000000000000e+03,2.635000000000004547e+02
2.403000000000000000e+03,3.765000000000002274e+02
2.404000000000000000e+03,2.985000000000013642e+02
2.405000000000000000e+03,3.155000000000009095e+02
2.406000000000000000e+03,4.610000000000015916e+02
2.407000000000000000e+03,4.725000000000015916e+02
2.408000000000000000e+03,3.919999999999984084e+02
2.409000000000000000e+03,4.879999999999985789e+02
2.410000000000000000e+03,3.229999999999995453e+02
2.411000000000000000e+03,2.490000000000000284e+02
2.412000000000000000e+03,2.969999999999997726e+02
2.413000000000000000e+03,2.765000000000011369e+02
2.414000000000000000e+03,3.074999999999988631e+02
2.415000000000000000e+03,3.624999999999997726e+02
2.416000000000000000e+03,3.465000000000004547e+02
2.417000000000000000e+03,3.020000000000009095e+02
2.418000000000000000e+03,3.869999999999990905e+02
2.419000000000000000e+03,4.500000000000006821e+02
2.420000000000000000e+03,3.205000000000006821e+02
2.421000000000000000e+03,2.370000000000009095e+02
2.422000000000000000e+03,2.270000000000013642e+02
2.423000000000000000e+03,3.020000000000011369e+02
2.424000000000000000e+03,3.685000000000009095e+02
2.425000000000000000e+03,4.214999999999986358e+02
2.426000000000000000e+03,4.230000000000004547e+02
2.427000000000000000e+03,3.860000000000013642e+02
2.428000000000000000e+03,4.584999999999993179e+02
2.429000000000000000e+03,4.155000000000015916e+02
2.430000000000000000e+03,4.579999999999993179e+02
2.431000000000000000e+03,4.345000000000002274e+02
2.432000000000000000e+03,4.190000000000009095e+02
2.433000000000000000e+03,4.610000000000000000e+02
2.434000000000000000e+03,5.689999999999993179e+02
2.435000000000000000e+03,5.985000000000000000e+02
2.436000000000000000e+03,6.205000000000004547e+02
2.437000000000000000e+03,7.600000000000015916e+02
2.438000000000000000e+03,6.789999999999990905e+02
2.439000000000000000e+03,7.245000000000011369e+02
2.440000000000000000e+03,6.574999999999986358e+02
2.441000000000000000e+03,8.289999999999986358e+02
2.442000000000000000e+03,7.759999999999995453e+02
2.443000000000000000e+03,7.415000000000013642e+02
2.444000000000000000e+03,7.440000000000013642e+02
2.445000000000000000e+03,7.334999999999990905e+02
2.446000000000000000e+03,6.285000000000015916e+02
2.447000000000000000e+03,5.654999999999990905e+02
2.448000000000000000e+03,5.254999999999997726e+02
2.449000000000000000e+03,3.654999999999993179e+02
2.450000000000000000e+03,3.979999999999990905e+02
2.451000000000000000e+03,4.424999999999990905e+02
2.452000000000000000e+03,3.990000000000006821e+02
2.453000000000000000e+03,4.369999999999988631e+02
2.454000000000000000e+03,4.764999999999988631e+02
2.455000000000000000e+03,3.164999999999986358e+02
2.456000000000000000e+03,2.865000000000000000e+02
2.457000000000000000e+03,3.435000000000006821e+02
2.458000000000000000e+03,3.024999999999997726e+02
2.459000000000000000e+03,3.639999999999997726e+02
2.460000000000000000e+03,3.255000000000011369e+02
2.461000000000000000e+03,3.230000000000015916e+02
2.462000000000000000e+03,2.680000000000000000e+02
2.463000000000000000e+03,2.560000000000004547e+02
2.464000000000000000e+03,3.605000000000011369e+02
2.465000000000000000e+03,3.760000000000004547e+02
2.466000000000000000e+03,3.795000000000009095e+02
2.467000000000000000e+03,4.460000000000013642e+02
2.468000000000000000e+03,4.579999999999995453e+02
2.469000000000000000e+03,2.485000000000013927e+02
2.470000000000000000e+03,2.510000000000013358e+02
2.471000000000000000e+03,2.220000000000011369e+02
2.472000000000000000e+03,3.395000000000006821e+02
2.473000000000000000e+03,4.844999999999999432e+02
2.474000000000000000e+03,4.935000000000003979e+02
2.475000000000000000e+03,3.944999999999986358e+02
2.476000000000000000e+03,3.740000000000011369e+02
2.477000000000000000e+03,4.264999999999990905e+02
2.478000000000000000e+03,5.324999999999993179e+02
2.479000000000000000e+03,5.235000000000015916e+02
2.480000000000000000e+03,3.064999999999997726e+02
2.481000000000000000e+03,1.810000000000011369e+02
2.482000000000000000e+03,2.745000000000011369e+02
2.483000000000000000e+03,2.635000000000006821e+02
2.484000000000000000e+03,2.515000000000004547e+02
2.485000000000000000e+03,2.579999999999984084e+02
2.486000000000000000e+03,3.775000000000000000e+02
2.487000000000000000e+03,4.000000000000004547e+02
2.488000000000000000e+03,3.370000000000004547e+02
2.489000000000000000e+03,2.369999999999990905e+02
2.490000000000000000e+03,3.314999999999984084e+02
2.491000000000000000e+03,3.220000000000015916e+02
2.492000000000000000e+03,3.964999999999984084e+02
2.493000000000000000e+03,3.509999999999997726e+02
2.494000000000000000e+03,3.355000000000002274e+02
2.495000000000000000e+03,4.284999999999995453e+02
2.496000000000000000e+03,4.185000000000002274e+02
2.497000000000000000e+03,4.984999999999984084e+02
2.498000000000000000e+03,4.539999999999997726e+02
2.499000000000000000e+03,3.710000000000015916e+02
2.500000000000000000e+03,4.684999999999995453e+02
2.501000000000000000e+03,5.214999999999993179e+02
2.502000000000000000e+03,4.845000000000013642e+02
2.503000000000000000e+03,3.739999999999997726e+02
2.504000000000000000e+03,3.269999999999995453e+02
2.505000000000000000e+03,2.209999999999986358e+02
2.506000000000000000e+03,2.720000000000002274e+02
2.507000000000000000e+03,3.904999999999997726e+02
2.508000000000000000e+03,3.814999999999995453e+02
2.509000000000000000e+03,3.870000000000009095e+02
2.510000000000000000e+03,3.835000000000002274e+02
2.511000000000000000e+03,3.960000000000013642e+02
2.512000000000000000e+03,4.190000000000006821e+02
2.513000000000000000e+03,3.445000000000009095e+02
2.514000000000000000e+03,1.984999999999988631e+02
2.515000000000000000e+03,3.379999999999988631e+02
2.516000000000000000e+03,4.529999999999995453e+02
2.517000000000000000e+03,4.164999999999997726e+02
2.518000000000000000e+03,4.005000000000009095e+02
2.519000000000000000e+03,3.735000000000015916e+02
2.520000000000000000e+03,4.915000000000000000e+02
2.521000000000000000e+03,4.774999999999988631e+02
2.522000000000000000e+03,2.745000000000013642e+02
2.523000000000000000e+03,3.030000000000004547e+02
2.524000000000000000e+03,3.719999999999995453e+02
2.525000000000000000e+03,4.915000000000009663e+02
2.526000000000000000e+03,3.954999999999984084e+02
2.527000000000000000e+03,3.215000000000004547e+02
2.528000000000000000e+03,2.535000000000008811e+02
2.529000000000000000e+03,2.790000000000000000e+02
2.530000000000000000e+03,3.675000000000013642e+02
2.531000000000000000e+03,4.149999999999995453e+02
2.532000000000000000e+03,4.240000000000002274e+02
2.533000000000000000e+03,3.519999999999986358e+02
2.534000000000000000e+03,2.699999999999997726e+02
2.535000000000000000e+03,2.514999999999997726e+02
2.536000000000000000e+03,3.434999999999997726e+02
2.537000000000000000e+03,3.644999999999986358e+02
2.538000000000000000e+03,3.960000000000004547e+02
2.539000000000000000e+03,4.345000000000002274e+02
2.540000000000000000e+03,3.819999999999993179e+02
2.541000000000000000e+03,3.700000000000013642e+02
2.542000000000000000e+03,3.645000000000004547e+02
2.543000000000000000e+03,3.674999999999988631e+02
2.544000000000000000e+03,3.855000000000009095e+02
2.545000000000000000e+03,3.035000000000002274e+02
2.546000000000000000e+03,1.424999999999986358e+02
2.547000000000000000e+03,1.734999999999984084e+02
2.548000000000000000e+03,2.589999999999995453e+02
2.549000000000000000e+03,2.295000000000015916e+02
2.550000000000000000e+03,3.774999999999990905e+02
2.551000000000000000e+03,3.715000000000015916e+02
2.552000000000000000e+03,2.194999999999993179e+02
2.553000000000000000e+03,2.400000000000013927e+02
2.554000000000000000e+03,2.750000000000006821e+02
2.555000000000000000e+03,4.030000000000000000e+02
2.556000000000000000e+03,3.870000000000002274e+02
2.557000000000000000e+03,3.375000000000004547e+02
2.558000000000000000e+03,4.499999999999986358e+02
2.559000000000000000e+03,3.179999999999988631e+02
2.560000000000000000e+03,3.249999999999993179e+02
2.561000000000000000e+03,4.874999999999988063e+02
2.562000000000000000e+03,4.755000000000004547e+02
2.563000000000000000e+03,4.125000000000000000e+02
2.564000000000000000e+03,3.184999999999990905e+02
2.565000000000000000e+03,3.959999999999995453e+02
2.566000000000000000e+03,4.249999999999995453e+02
2.567000000000000000e+03,4.545000000000013642e+02
2.568000000000000000e+03,3.359999999999988631e+02
2.569000000000000000e+03,2.779999999999990905e+02
2.570000000000000000e+03,3.099999999999986358e+02
2.571000000000000000e+03,2.840000000000000000e+02
2.572000000000000000e+03,3.199999999999984084e+02
2.573000000000000000e+03,3.790000000000009095e+02
2.574000000000000000e+03,3.870000000000015916e+02
2.575000000000000000e+03,3.049999999999993179e+02
2.576000000000000000e+03,2.835000000000006821e+02
2.577000000000000000e+03,2.899999999999993179e+02
2.578000000000000000e+03,4.755000000000000000e+02
2.579000000000000000e+03,4.649999999999986358e+02
2.580000000000000000e+03,3.835000000000013642e+02
2.581000000000000000e+03,3.819999999999986358e+02
2.582000000000000000e+03,4.045000000000011369e+02
2.583000000000000000e+03,3.214999999999993179e+02
2.584000000000000000e+03,2.284999999999995453e+02
2.585000000000000000e+03,2.995000000000011369e+02
2.586000000000000000e+03,3.290000000000004547e+02
2.587000000000000000e+03,2.674999999999984084e+02
2.588000000000000000e+03,3.734999999999995453e+02
2.589000000000000000e+03,3.509999999999986358e+02
2.590000000000000000e+03,3.034999999999993179e+02
2.591000000000000000e+03,3.154999999999995453e+02
2.592000000000000000e+03,2.394999999999990905e+02
2.593000000000000000e+03,2.990000000000011369e+02
2.594000000000000000e+03,3.149999999999990905e+02
2.595000000000000000e+03,3.554999999999993179e+02
2.596000000000000000e+03,3.334999999999986358e+02
2.597000000000000000e+03,3.760000000000002274e+02
2.598000000000000000e+03,2.590000000000013642e+02
2.599000000000000000e+03,2.585000000000004547e+02
2.600000000000000000e+03,3.360000000000011369e+02
2.601000000000000000e+03,4.525000000000009095e+02
2.602000000000000000e+03,4.235000000000011369e+02
2.603000000000000000e+03,3.504999999999986358e+02
2.604000000000000000e+03,3.399999999999984084e+02
2.605000000000000000e+03,3.849999999999990905e+02
2.606000000000000000e+03,3.350000000000000000e+02
2.607000000000000000e+03,3.224999999999984084e+02
2.608000000000000000e+03,2.804999999999990905e+02
2.609000000000000000e+03,3.095000000000011369e+02
2.610000000000000000e+03,3.550000000000009095e+02
2.611000000000000000e+03,3.275000000000011369e+02
2.612000000000000000e+03,2.054999999999986358e+02
2.613000000000000000e+03,2.254999999999986358e+02
2.614000000000000000e+03,2.189999999999995453e+02
2.615000000000000000e+03,3.095000000000011369e+02
2.616000000000000000e+03,3.954999999999988631e+02
2.617000000000000000e+03,5.219999999999995453e+02
2.618000000000000000e+03,4.070000000000013642e+02
2.619000000000000000e+03,4.134999999999993179e+02
2.620000000000000000e+03,4.310000000000009095e+02
2.621000000000000000e+03,4.285000000000004547e+02
2.622000000000000000e+03,5.955000000000011369e+02
2.623000000000000000e+03,3.710000000000000000e+02
2.624000000000000000e+03,2.020000000000015916e+02
2.625000000000000000e+03,1.524999999999995453e+02
2.626000000000000000e+03,2.480000000000011369e+02
2.627000000000000000e+03,3.590000000000000000e+02
2.628000000000000000e+03,4.369999999999995453e+02
2.629000000000000000e+03,4.060000000000015916e+02
2.630000000000000000e+03,4.130000000000011369e+02
2.631000000000000000e+03,3.605000000000009095e+02
2.632000000000000000e+03,3.394999999999986358e+02
2.633000000000000000e+03,2.990000000000009095e+02
2.634000000000000000e+03,6.020000000000009095e+02
2.635000000000000000e+03,5.909999999999988631e+02
2.636000000000000000e+03,4.859999999999991473e+02
2.637000000000000000e+03,5.420000000000015916e+02
2.638000000000000000e+03,5.699999999999997726e+02
2.639000000000000000e+03,5.770000000000011369e+02
2.640000000000000000e+03,5.090000000000009095e+02
2.641000000000000000e+03,4.665000000000009095e+02
2.642000000000000000e+03,4.035000000000011369e+02
2.643000000000000000e+03,4.709999999999995453e+02
2.644000000000000000e+03,5.000000000000002274e+02
2.645000000000000000e+03,5.185000000000002274e+02
2.646000000000000000e+03,5.154999999999995453e+02
2.647000000000000000e+03,5.970000000000000000e+02
2.648000000000000000e+03,5.975000000000013642e+02
2.649000000000000000e+03,6.339999999999984084e+02
2.650000000000000000e+03,5.860000000000011369e+02
2.651000000000000000e+03,5.295000000000006821e+02
2.652000000000000000e+03,4.020000000000011369e+02
2.653000000000000000e+03,4.290000000000004547e+02
2.654000000000000000e+03,5.094999999999988631e+02
2.655000000000000000e+03,5.155000000000006821e+02
2.656000000000000000e+03,4.450000000000013642e+02
2.657000000000000000e+03,4.350000000000000000e+02
2.658000000000000000e+03,4.934999999999993179e+02
2.659000000000000000e+03,4.959999999999984652e+02
2.660000000000000000e+03,3.644999999999990905e+02
2.661000000000000000e+03,3.544482758620686127e+02
2.662000000000000000e+03,3.514999999999986358e+02
2.663000000000000000e+03,2.364999999999984084e+02
2.664000000000000000e+03,2.345000000000002274e+02
2.665000000000000000e+03,2.939999999999995453e+02
2.666000000000000000e+03,4.420000000000013642e+02
2.667000000000000000e+03,3.809999999999997726e+02
2.668000000000000000e+03,2.925000000000013642e+02
2.669000000000000000e+03,3.485000000000006821e+02
2.670000000000000000e+03,3.474999999999984084e+02
2.671000000000000000e+03,4.185000000000009095e+02
2.672000000000000000e+03,4.115000000000000000e+02
2.673000000000000000e+03,4.010000000000000000e+02
2.674000000000000000e+03,2.125000000000015916e+02
2.675000000000000000e+03,2.410000000000000000e+02
2.676000000000000000e+03,3.699999999999988631e+02
2.677000000000000000e+03,4.225000000000000000e+02
2.678000000000000000e+03,2.474999999999995168e+02
2.679000000000000000e+03,1.510000000000011369e+02
2.680000000000000000e+03,3.144999999999988631e+02
2.681000000000000000e+03,2.994999999999997726e+02
2.682000000000000000e+03,2.429999999999983800e+02
2.683000000000000000e+03,3.255000000000000000e+02
2.684000000000000000e+03,4.220000000000013642e+02
2.685000000000000000e+03,4.034999999999984084e+02
2.686000000000000000e+03,3.129999999999990905e+02
2.687000000000000000e+03,3.129999999999990905e+02
2.688000000000000000e+03,3.815000000000000000e+02
2.689000000000000000e+03,4.185000000000011369e+02
2.690000000000000000e+03,4.379999999999988631e+02
2.691000000000000000e+03,3.949999999999984084e+02
2.692000000000000000e+03,3.645000000000004547e+02
2.693000000000000000e+03,3.255000000000013642e+02
2.694000000000000000e+03,2.929999999999984084e+02
2.695000000000000000e+03,4.270000000000015916e+02
2.696000000000000000e+03,5.299999999999995453e+02
2.697000000000000000e+03,5.244999999999990905e+02
2.698000000000000000e+03,4.075000000000009095e+02
2.699000000000000000e+03,3.765000000000011369e+02
2.700000000000000000e+03,3.275000000000006821e+02
2.701000000000000000e+03,3.445000000000015916e+02
2.702000000000000000e+03,2.614999999999984084e+02
2.703000000000000000e+03,3.194999999999988631e+02
2.704000000000000000e+03,3.109999999999988631e+02
2.705000000000000000e+03,2.954999999999993179e+02
2.706000000000000000e+03,3.399999999999986358e+02
2.707000000000000000e+03,3.390000000000006821e+02
2.708000000000000000e+03,2.760000000000011369e+02
2.709000000000000000e+03,2.115000000000009095e+02
2.710000000000000000e+03,3.240000000000006821e+02
2.711000000000000000e+03,4.265000000000015916e+02
2.712000000000000000e+03,4.485000000000015916e+02
2.713000000000000000e+03,3.100000000000009095e+02
2.714000000000000000e+03,1.789999999999990905e+02
2.715000000000000000e+03,1.600000000000011369e+02
2.716000000000000000e+03,2.130000000000000000e+02
2.717000000000000000e+03,3.339999999999986358e+02
2.718000000000000000e+03,3.015000000000011369e+02
2.719000000000000000e+03,3.179999999999988631e+02
2.720000000000000000e+03,3.604999999999988631e+02
2.721000000000000000e+03,4.609999999999990905e+02
2.722000000000000000e+03,4.310000000000013642e+02
2.723000000000000000e+03,4.464999999999997726e+02
2.724000000000000000e+03,4.840000000000007390e+02
2.725000000000000000e+03,4.089999999999988631e+02
2.726000000000000000e+03,3.619999999999988631e+02
2.727000000000000000e+03,5.185000000000002274e+02
2.728000000000000000e+03,5.409999999999984084e+02
2.729000000000000000e+03,3.740000000000013642e+02
2.730000000000000000e+03,3.410000000000004547e+02
2.731000000000000000e+03,2.930000000000013642e+02
2.732000000000000000e+03,2.574999999999990905e+02
2.733000000000000000e+03,3.395000000000009095e+02
2.734000000000000000e+03,3.870000000000011369e+02
2.735000000000000000e+03,3.544999999999988631e+02
2.736000000000000000e+03,3.010000000000002274e+02
2.737000000000000000e+03,3.460000000000004547e+02
2.738000000000000000e+03,2.369999999999988631e+02
2.739000000000000000e+03,3.185000000000000000e+02
2.740000000000000000e+03,3.170000000000013642e+02
2.741000000000000000e+03,4.335000000000013642e+02
2.742000000000000000e+03,3.844999999999986358e+02
2.743000000000000000e+03,3.435000000000013642e+02
2.744000000000000000e+03,2.989999999999990905e+02
2.745000000000000000e+03,3.174999999999997726e+02
2.746000000000000000e+03,2.600000000000004547e+02
2.747000000000000000e+03,2.805000000000013642e+02
2.748000000000000000e+03,3.335000000000006821e+02
2.749000000000000000e+03,2.905000000000013642e+02
2.750000000000000000e+03,2.455000000000009095e+02
2.751000000000000000e+03,4.639999999999988631e+02
2.752000000000000000e+03,5.819999999999995453e+02
2.753000000000000000e+03,5.309999999999984084e+02
2.754000000000000000e+03,3.744999999999993179e+02
2.755000000000000000e+03,2.420344827586209249e+02
2.756000000000000000e+03,2.306206896551732370e+02
2.757000000000000000e+03,2.758620689655163005e+02
2.758000000000000000e+03,3.110000000000006821e+02
2.759000000000000000e+03,3.595000000000004547e+02
2.760000000000000000e+03,4.730000000000013642e+02
2.761000000000000000e+03,3.489999999999997726e+02
2.762000000000000000e+03,2.970000000000004547e+02
2.763000000000000000e+03,2.680000000000009095e+02
2.764000000000000000e+03,2.925000000000013642e+02
2.765000000000000000e+03,3.204999999999997726e+02
2.766000000000000000e+03,2.635000000000000000e+02
2.767000000000000000e+03,3.584999999999995453e+02
2.768000000000000000e+03,4.345000000000009095e+02
2.769000000000000000e+03,4.119999999999995453e+02
2.770000000000000000e+03,3.625000000000015916e+02
2.771000000000000000e+03,4.089999999999990905e+02
2.772000000000000000e+03,3.925000000000011369e+02
2.773000000000000000e+03,3.440000000000004547e+02
2.774000000000000000e+03,2.680000000000006821e+02
2.775000000000000000e+03,2.309999999999993179e+02
2.776000000000000000e+03,2.634999999999993179e+02
2.777000000000000000e+03,3.914999999999986358e+02
2.778000000000000000e+03,3.950000000000013642e+02
2.779000000000000000e+03,3.454999999999993179e+02
2.780000000000000000e+03,3.079999999999986358e+02
2.781000000000000000e+03,2.760000000000015916e+02
2.782000000000000000e+03,2.714999999999988631e+02
2.783000000000000000e+03,2.884999999999986358e+02
2.784000000000000000e+03,3.594999999999993179e+02
2.785000000000000000e+03,4.290000000000006821e+02
2.786000000000000000e+03,3.964999999999988631e+02
2.787000000000000000e+03,3.175000000000000000e+02
2.788000000000000000e+03,3.135000000000015916e+02
2.789000000000000000e+03,3.349999999999997726e+02
2.790000000000000000e+03,3.195000000000000000e+02
2.791000000000000000e+03,3.014999999999995453e+02
2.792000000000000000e+03,2.545000000000002274e+02
2.793000000000000000e+03,2.539999999999988916e+02
2.794000000000000000e+03,3.084999999999993179e+02
2.795000000000000000e+03,3.360000000000013642e+02
2.796000000000000000e+03,1.974999999999997726e+02
2.797000000000000000e+03,1.100000000000006821e+02
2.798000000000000000e+03,1.684999999999990905e+02
2.799000000000000000e+03,3.154999999999986358e+02
2.800000000000000000e+03,2.860000000000006821e+02
2.801000000000000000e+03,2.545000000000009379e+02
2.802000000000000000e+03,2.949999999999993179e+02
2.803000000000000000e+03,3.945000000000011369e+02
2.804000000000000000e+03,3.745000000000002274e+02
2.805000000000000000e+03,2.499999999999997442e+02
2.806000000000000000e+03,3.159999999999990905e+02
2.807000000000000000e+03,2.974999999999986358e+02
2.808000000000000000e+03,2.224999999999995453e+02
2.809000000000000000e+03,1.864999999999988631e+02
2.810000000000000000e+03,1.525000000000009095e+02
2.811000000000000000e+03,8.100000000000113687e+01
2.812000000000000000e+03,5.800000000000159162e+01
2.813000000000000000e+03,2.140000000000011369e+02
2.814000000000000000e+03,4.009999999999984084e+02
2.815000000000000000e+03,3.109999999999997726e+02
2.816000000000000000e+03,3.054999999999997726e+02
2.817000000000000000e+03,4.555000000000009095e+02
2.818000000000000000e+03,3.835000000000013642e+02
2.819000000000000000e+03,3.410000000000006821e+02
2.820000000000000000e+03,2.350000000000002274e+02
2.821000000000000000e+03,1.810000000000015916e+02
2.822000000000000000e+03,1.305000000000011369e+02
2.823000000000000000e+03,2.219999999999990905e+02
2.824000000000000000e+03,4.275000000000011369e+02
2.825000000000000000e+03,5.510000000000009095e+02
2.826000000000000000e+03,5.425000000000004547e+02
2.827000000000000000e+03,4.660000000000006821e+02
2.828000000000000000e+03,4.285000000000004547e+02
2.829000000000000000e+03,3.729999999999984084e+02
2.830000000000000000e+03,4.535000000000004547e+02
2.831000000000000000e+03,4.199999999999997726e+02
2.832000000000000000e+03,4.435000000000000000e+02
2.833000000000000000e+03,3.104999999999986358e+02
2.834000000000000000e+03,3.145000000000011369e+02
2.835000000000000000e+03,2.700000000000015916e+02
2.836000000000000000e+03,2.405000000000015632e+02
2.837000000000000000e+03,3.840000000000015916e+02
2.838000000000000000e+03,3.969999999999993179e+02
2.839000000000000000e+03,2.994999999999984084e+02
2.840000000000000000e+03,4.114999999999986358e+02
2.841000000000000000e+03,3.455000000000000000e+02
2.842000000000000000e+03,2.774999999999997726e+02
2.843000000000000000e+03,3.985000000000002274e+02
2.844000000000000000e+03,3.124999999999995453e+02
2.845000000000000000e+03,2.374999999999993179e+02
2.846000000000000000e+03,3.219999999999984084e+02
2.847000000000000000e+03,4.230000000000002274e+02
2.848000000000000000e+03,3.989999999999986358e+02
2.849000000000000000e+03,5.110000000000009095e+02
2.850000000000000000e+03,4.824999999999990905e+02
2.851000000000000000e+03,4.405000000000011369e+02
2.852000000000000000e+03,5.295000000000013642e+02
2.853000000000000000e+03,3.599999999999995453e+02
2.854000000000000000e+03,3.059999999999995453e+02
2.855000000000000000e+03,3.980000000000011369e+02
2.856000000000000000e+03,4.130000000000011369e+02
2.857000000000000000e+03,3.510000000000015916e+02
2.858000000000000000e+03,3.195000000000009095e+02
2.859000000000000000e+03,2.860000000000002274e+02
2.860000000000000000e+03,3.095000000000011369e+02
2.861000000000000000e+03,3.795000000000006821e+02
2.862000000000000000e+03,3.465000000000011369e+02
2.863000000000000000e+03,3.014999999999993179e+02
2.864000000000000000e+03,2.680000000000006821e+02
2.865000000000000000e+03,3.150000000000002274e+02
2.866000000000000000e+03,3.085000000000002274e+02
2.867000000000000000e+03,2.405000000000000284e+02
2.868000000000000000e+03,2.814999999999984084e+02
2.869000000000000000e+03,3.160000000000006821e+02
2.870000000000000000e+03,2.595000000000009095e+02
2.871000000000000000e+03,2.270000000000009095e+02
2.872000000000000000e+03,3.060000000000006821e+02
2.873000000000000000e+03,2.634999999999990905e+02
2.874000000000000000e+03,2.140000000000000000e+02
2.875000000000000000e+03,2.549999999999986073e+02
2.876000000000000000e+03,2.999999999999988631e+02
2.877000000000000000e+03,2.220000000000004547e+02
2.878000000000000000e+03,2.124999999999993179e+02
2.879000000000000000e+03,2.929999999999986358e+02
2.880000000000000000e+03,2.945000000000011369e+02
2.881000000000000000e+03,2.365000000000015916e+02
2.882000000000000000e+03,2.314999999999995453e+02
2.883000000000000000e+03,3.625000000000006821e+02
2.884000000000000000e+03,2.555000000000009379e+02
2.885000000000000000e+03,2.259999999999993179e+02
2.886000000000000000e+03,4.209999999999988631e+02
2.887000000000000000e+03,4.264999999999993179e+02
2.888000000000000000e+03,3.335000000000011369e+02
2.889000000000000000e+03,2.724999999999988631e+02
2.890000000000000000e+03,3.465000000000015916e+02
2.891000000000000000e+03,3.635000000000013642e+02
2.892000000000000000e+03,4.295000000000006821e+02
2.893000000000000000e+03,3.854999999999997726e+02
2.894000000000000000e+03,2.625000000000013642e+02
2.895000000000000000e+03,2.449999999999988631e+02
2.896000000000000000e+03,4.210000000000011369e+02
2.897000000000000000e+03,5.520000000000015916e+02
2.898000000000000000e+03,4.124999999999990905e+02
2.899000000000000000e+03,2.550000000000006821e+02
2.900000000000000000e+03,4.570000000000011369e+02
2.901000000000000000e+03,4.885000000000004547e+02
2.902000000000000000e+03,3.294999999999986358e+02
2.903000000000000000e+03,2.295000000000006821e+02
2.904000000000000000e+03,2.810000000000009095e+02
2.905000000000000000e+03,2.989999999999984084e+02
2.906000000000000000e+03,3.225000000000002274e+02
2.907000000000000000e+03,4.304999999999995453e+02
2.908000000000000000e+03,4.209999999999993179e+02
2.909000000000000000e+03,3.984999999999993179e+02
2.910000000000000000e+03,2.635000000000015916e+02
2.911000000000000000e+03,3.180000000000013642e+02
2.912000000000000000e+03,3.964999999999984084e+02
2.913000000000000000e+03,4.045000000000002274e+02
2.914000000000000000e+03,3.634999999999997726e+02
2.915000000000000000e+03,3.605000000000000000e+02
2.916000000000000000e+03,2.790000000000015916e+02
2.917000000000000000e+03,3.480000000000013642e+02
2.918000000000000000e+03,4.235000000000009095e+02
2.919000000000000000e+03,4.230000000000009095e+02
2.920000000000000000e+03,2.964999999999984084e+02
2.921000000000000000e+03,2.839999999999995453e+02
2.922000000000000000e+03,3.229999999999988631e+02
2.923000000000000000e+03,5.399999999999993179e+02
2.924000000000000000e+03,4.400000000000000000e+02
2.925000000000000000e+03,3.939999999999990905e+02
2.926000000000000000e+03,3.400000000000011369e+02
2.927000000000000000e+03,3.419999999999986358e+02
2.928000000000000000e+03,4.829999999999984652e+02
2.929000000000000000e+03,4.759999999999997726e+02
2.930000000000000000e+03,3.275000000000013642e+02
2.931000000000000000e+03,2.269999999999984084e+02
2.932000000000000000e+03,3.060000000000009095e+02
2.933000000000000000e+03,2.864999999999988631e+02
2.934000000000000000e+03,3.810000000000015916e+02
2.935000000000000000e+03,3.260000000000000000e+02
2.936000000000000000e+03,3.445000000000009095e+02
2.937000000000000000e+03,4.039999999999984084e+02
2.938000000000000000e+03,4.800000000000004547e+02
2.939000000000000000e+03,5.450000000000011369e+02
2.940000000000000000e+03,4.309999999999986358e+02
2.941000000000000000e+03,4.739999999999995453e+02
2.942000000000000000e+03,3.960000000000013642e+02
2.943000000000000000e+03,6.015000000000000000e+02
2.944000000000000000e+03,7.745000000000015916e+02
2.945000000000000000e+03,5.769999999999995453e+02
2.946000000000000000e+03,4.189999999999995453e+02
2.947000000000000000e+03,4.430000000000013642e+02
2.948000000000000000e+03,3.680000000000004547e+02
2.949000000000000000e+03,2.820000000000009095e+02
2.950000000000000000e+03,3.510000000000006821e+02
2.951000000000000000e+03,3.139999999999993179e+02
2.952000000000000000e+03,3.269999999999986358e+02
2.953000000000000000e+03,4.869999999999992610e+02
2.954000000000000000e+03,4.395000000000002274e+02
2.955000000000000000e+03,3.995000000000009095e+02
2.956000000000000000e+03,4.145000000000002274e+02
2.957000000000000000e+03,4.390000000000000000e+02
2.958000000000000000e+03,5.324999999999988631e+02
2.959000000000000000e+03,6.160000000000004547e+02
2.960000000000000000e+03,5.029999999999985789e+02
2.961000000000000000e+03,4.854999999999984084e+02
2.962000000000000000e+03,5.040000000000002274e+02
2.963000000000000000e+03,5.889999999999986358e+02
2.964000000000000000e+03,7.269999999999984084e+02
2.965000000000000000e+03,7.110000000000013642e+02
2.966000000000000000e+03,6.300000000000011369e+02
2.967000000000000000e+03,5.195000000000013642e+02
2.968000000000000000e+03,4.454999999999988631e+02
2.969000000000000000e+03,4.459999999999986358e+02
2.970000000000000000e+03,5.445000000000004547e+02
2.971000000000000000e+03,5.379999999999997726e+02
2.972000000000000000e+03,4.419999999999988631e+02
2.973000000000000000e+03,4.474999999999986358e+02
2.974000000000000000e+03,4.275000000000009095e+02
2.975000000000000000e+03,4.674999999999993179e+02
2.976000000000000000e+03,4.519999999999984084e+02
2.977000000000000000e+03,3.364999999999995453e+02
2.978000000000000000e+03,3.840000000000000000e+02
2.979000000000000000e+03,5.014999999999995453e+02
2.980000000000000000e+03,5.620000000000006821e+02
2.981000000000000000e+03,4.694999999999986358e+02
2.982000000000000000e+03,3.415000000000006821e+02
2.983000000000000000e+03,3.050000000000004547e+02
2.984000000000000000e+03,3.850000000000002274e+02
2.985000000000000000e+03,4.045000000000015916e+02
2.986000000000000000e+03,4.259999999999995453e+02
2.987000000000000000e+03,4.999999999999988631e+02
2.988000000000000000e+03,6.269999999999995453e+02
2.989000000000000000e+03,6.955000000000015916e+02
2.990000000000000000e+03,5.069999999999995453e+02
2.991000000000000000e+03,4.299999999999997726e+02
2.992000000000000000e+03,4.870000000000000000e+02
2.993000000000000000e+03,4.464999999999986358e+02
2.994000000000000000e+03,5.349999999999995453e+02
2.995000000000000000e+03,6.194999999999993179e+02
2.996000000000000000e+03,4.764999999999988631e+02
2.997000000000000000e+03,3.850000000000009095e+02
2.998000000000000000e+03,4.505000000000013642e+02
2.999000000000000000e+03,4.820000000000000000e+02
3.000000000000000000e+03,5.029999999999995453e+02
3.001000000000000000e+03,5.800000000000000000e+02
3.002000000000000000e+03,5.700000000000013642e+02
3.003000000000000000e+03,4.459999999999988631e+02
3.004000000000000000e+03,4.660000000000009095e+02
3.005000000000000000e+03,5.894999999999995453e+02
3.006000000000000000e+03,5.370000000000006821e+02
3.007000000000000000e+03,5.215000000000006821e+02
3.008000000000000000e+03,4.780000000000006821e+02
3.009000000000000000e+03,4.404999999999986358e+02
3.010000000000000000e+03,4.379999999999984084e+02
3.011000000000000000e+03,3.430000000000009095e+02
3.012000000000000000e+03,2.000000000000006821e+02
3.013000000000000000e+03,1.759999999999995453e+02
3.014000000000000000e+03,1.640000000000006821e+02
3.015000000000000000e+03,1.875000000000009095e+02
3.016000000000000000e+03,2.674999999999997726e+02
3.017000000000000000e+03,2.304999999999988631e+02
3.018000000000000000e+03,2.594999999999990905e+02
3.019000000000000000e+03,4.014999999999995453e+02
3.020000000000000000e+03,4.385000000000011369e+02
3.021000000000000000e+03,4.119999999999997726e+02
3.022000000000000000e+03,4.004999999999990905e+02
3.023000000000000000e+03,3.749999999999993179e+02
3.024000000000000000e+03,3.070000000000004547e+02
3.025000000000000000e+03,3.874999999999986358e+02
3.026000000000000000e+03,4.015000000000000000e+02
3.027000000000000000e+03,4.465000000000011369e+02
3.028000000000000000e+03,4.985000000000006821e+02
3.029000000000000000e+03,4.144999999999995453e+02
3.030000000000000000e+03,4.404999999999997726e+02
3.031000000000000000e+03,4.555000000000011369e+02
3.032000000000000000e+03,4.490000000000000000e+02
3.033000000000000000e+03,4.390000000000004547e+02
3.034000000000000000e+03,4.839999999999993179e+02
3.035000000000000000e+03,5.625000000000009095e+02
3.036000000000000000e+03,4.964999999999986358e+02
3.037000000000000000e+03,4.025000000000000000e+02
3.038000000000000000e+03,4.009999999999995453e+02
3.039000000000000000e+03,4.199999999999995453e+02
3.040000000000000000e+03,3.990000000000006821e+02
3.041000000000000000e+03,4.495000000000015916e+02
3.042000000000000000e+03,4.449999999999986358e+02
3.043000000000000000e+03,4.215000000000011369e+02
3.044000000000000000e+03,4.815000000000008527e+02
3.045000000000000000e+03,6.285000000000009095e+02
3.046000000000000000e+03,4.250000000000002274e+02
3.047000000000000000e+03,3.454999999999997726e+02
3.048000000000000000e+03,2.274999999999988631e+02
3.049000000000000000e+03,2.749999999999997726e+02
3.050000000000000000e+03,3.115000000000015916e+02
3.051000000000000000e+03,3.109999999999990905e+02
3.052000000000000000e+03,3.104999999999984084e+02
3.053000000000000000e+03,3.685000000000015916e+02
3.054000000000000000e+03,3.784999999999984084e+02
3.055000000000000000e+03,3.474999999999988631e+02
3.056000000000000000e+03,4.525000000000009095e+02
3.057000000000000000e+03,4.035000000000006821e+02
3.058000000000000000e+03,2.985000000000004547e+02
3.059000000000000000e+03,3.375000000000013642e+02
3.060000000000000000e+03,3.144999999999986358e+02
3.061000000000000000e+03,3.425000000000013642e+02
3.062000000000000000e+03,3.470000000000000000e+02
3.063000000000000000e+03,4.434999999999995453e+02
3.064000000000000000e+03,4.740000000000006821e+02
3.065000000000000000e+03,4.119999999999984084e+02
3.066000000000000000e+03,4.029999999999986358e+02
3.067000000000000000e+03,4.864999999999986926e+02
3.068000000000000000e+03,3.905000000000009095e+02
3.069000000000000000e+03,4.259999999999997726e+02
3.070000000000000000e+03,3.980000000000002274e+02
3.071000000000000000e+03,4.569999999999988631e+02
3.072000000000000000e+03,3.240000000000004547e+02
3.073000000000000000e+03,2.330000000000009095e+02
3.074000000000000000e+03,3.394999999999988631e+02
3.075000000000000000e+03,4.074999999999995453e+02
3.076000000000000000e+03,4.054999999999997726e+02
3.077000000000000000e+03,3.585000000000013642e+02
3.078000000000000000e+03,3.934999999999984084e+02
3.079000000000000000e+03,3.910000000000004547e+02
3.080000000000000000e+03,3.084999999999990905e+02
3.081000000000000000e+03,3.879999999999995453e+02
3.082000000000000000e+03,3.025000000000015916e+02
3.083000000000000000e+03,2.780000000000002274e+02
3.084000000000000000e+03,3.129999999999988631e+02
3.085000000000000000e+03,3.849999999999988631e+02
3.086000000000000000e+03,3.410000000000004547e+02
3.087000000000000000e+03,3.569999999999997726e+02
3.088000000000000000e+03,3.129999999999997726e+02
3.089000000000000000e+03,1.895000000000006821e+02
3.090000000000000000e+03,1.840000000000004547e+02
3.091000000000000000e+03,1.755000000000009095e+02
3.092000000000000000e+03,2.060000000000004547e+02
3.093000000000000000e+03,2.454999999999990905e+02
3.094000000000000000e+03,4.499999999999984084e+02
3.095000000000000000e+03,4.184999999999988631e+02
3.096000000000000000e+03,3.054999999999984084e+02
3.097000000000000000e+03,2.559999999999990905e+02
3.098000000000000000e+03,2.920000000000006821e+02
3.099000000000000000e+03,2.075000000000015916e+02
3.100000000000000000e+03,3.034999999999986358e+02
3.101000000000000000e+03,2.929999999999995453e+02
3.102000000000000000e+03,1.840000000000015916e+02
3.103000000000000000e+03,3.709999999999993179e+02
3.104000000000000000e+03,3.745000000000000000e+02
3.105000000000000000e+03,4.759999999999988631e+02
3.106000000000000000e+03,4.609999999999988631e+02
3.107000000000000000e+03,4.810000000000015348e+02
3.108000000000000000e+03,4.370000000000000000e+02
3.109000000000000000e+03,3.915000000000015916e+02
3.110000000000000000e+03,4.799999999999986358e+02
3.111000000000000000e+03,3.779999999999995453e+02
3.112000000000000000e+03,3.930000000000006821e+02
3.113000000000000000e+03,3.664999999999988631e+02
3.114000000000000000e+03,3.844999999999997726e+02
3.115000000000000000e+03,3.645000000000000000e+02
3.116000000000000000e+03,3.189999999999997726e+02
3.117000000000000000e+03,2.544999999999993463e+02
3.118000000000000000e+03,2.730000000000000000e+02
3.119000000000000000e+03,3.819999999999995453e+02
3.120000000000000000e+03,3.130000000000015916e+02
3.121000000000000000e+03,2.539999999999998010e+02
3.122000000000000000e+03,2.040000000000006821e+02
3.123000000000000000e+03,2.299999999999990905e+02
3.124000000000000000e+03,3.559999999999993179e+02
3.125000000000000000e+03,4.105000000000013642e+02
3.126000000000000000e+03,4.385000000000002274e+02
3.127000000000000000e+03,3.465000000000004547e+02
3.128000000000000000e+03,2.315000000000004547e+02
3.129000000000000000e+03,2.999999999999988631e+02
3.130000000000000000e+03,3.085000000000002274e+02
3.131000000000000000e+03,3.284999999999997726e+02
3.132000000000000000e+03,3.204999999999984084e+02
3.133000000000000000e+03,3.539999999999990905e+02
3.134000000000000000e+03,3.060000000000013642e+02
3.135000000000000000e+03,2.920000000000011369e+02
3.136000000000000000e+03,2.955000000000015916e+02
3.137000000000000000e+03,3.565000000000002274e+02
3.138000000000000000e+03,3.814999999999990905e+02
3.139000000000000000e+03,3.599999999999990905e+02
3.140000000000000000e+03,2.494999999999992895e+02
3.141000000000000000e+03,3.350000000000004547e+02
3.142000000000000000e+03,4.369999999999986358e+02
3.143000000000000000e+03,4.114999999999990905e+02
3.144000000000000000e+03,3.445000000000013642e+02
3.145000000000000000e+03,3.540000000000011369e+02
3.146000000000000000e+03,2.154999999999993179e+02
3.147000000000000000e+03,1.564999999999984084e+02
3.148000000000000000e+03,2.930000000000004547e+02
3.149000000000000000e+03,3.179999999999997726e+02
3.150000000000000000e+03,3.239999999999990905e+02
3.151000000000000000e+03,4.595000000000000000e+02
3.152000000000000000e+03,3.089999999999997726e+02
3.153000000000000000e+03,3.594999999999986358e+02
3.154000000000000000e+03,4.225000000000004547e+02
3.155000000000000000e+03,3.915000000000009095e+02
3.156000000000000000e+03,2.879999999999988631e+02
3.157000000000000000e+03,1.780000000000000000e+02
3.158000000000000000e+03,2.859999999999990905e+02
3.159000000000000000e+03,2.029999999999995453e+02
3.160000000000000000e+03,3.100000000000000000e+02
3.161000000000000000e+03,3.869999999999984084e+02
3.162000000000000000e+03,2.665000000000009095e+02
3.163000000000000000e+03,3.560000000000015916e+02
3.164000000000000000e+03,2.770000000000009095e+02
3.165000000000000000e+03,3.074999999999988631e+02
3.166000000000000000e+03,3.804999999999995453e+02
3.167000000000000000e+03,3.360000000000013642e+02
3.168000000000000000e+03,4.210000000000009095e+02
3.169000000000000000e+03,3.899999999999990905e+02
3.170000000000000000e+03,4.040000000000006821e+02
3.171000000000000000e+03,2.054999999999986358e+02
3.172000000000000000e+03,2.039999999999995453e+02
3.173000000000000000e+03,3.760000000000011369e+02
3.174000000000000000e+03,4.040000000000009095e+02
3.175000000000000000e+03,3.484999999999993179e+02
3.176000000000000000e+03,3.295000000000000000e+02
3.177000000000000000e+03,2.974999999999986358e+02
3.178000000000000000e+03,2.890000000000015916e+02
3.179000000000000000e+03,2.214999999999984084e+02
3.180000000000000000e+03,2.274999999999986358e+02
3.181000000000000000e+03,3.170000000000011369e+02
3.182000000000000000e+03,2.570000000000013642e+02
3.183000000000000000e+03,1.085000000000006821e+02
3.184000000000000000e+03,1.115000000000006821e+02
3.185000000000000000e+03,2.280000000000006821e+02
3.186000000000000000e+03,3.689999999999984084e+02
3.187000000000000000e+03,4.384999999999984084e+02
3.188000000000000000e+03,4.165000000000011369e+02
3.189000000000000000e+03,2.599999999999990905e+02
3.190000000000000000e+03,2.845000000000015916e+02
3.191000000000000000e+03,2.655000000000006821e+02
3.192000000000000000e+03,3.880000000000004547e+02
3.193000000000000000e+03,3.650000000000015916e+02
3.194000000000000000e+03,3.570000000000002274e+02
3.195000000000000000e+03,3.929999999999988631e+02
3.196000000000000000e+03,4.144999999999990905e+02
3.197000000000000000e+03,2.840000000000002274e+02
3.198000000000000000e+03,1.505000000000000000e+02
3.199000000000000000e+03,2.569999999999997726e+02
3.200000000000000000e+03,3.640000000000002274e+02
3.201000000000000000e+03,1.445000000000004547e+02
3.202000000000000000e+03,1.239999999999997726e+02
3.203000000000000000e+03,2.940000000000002274e+02
3.204000000000000000e+03,3.734999999999984084e+02
3.205000000000000000e+03,4.080000000000000000e+02
3.206000000000000000e+03,3.739999999999997726e+02
3.207000000000000000e+03,2.425000000000016200e+02
3.208000000000000000e+03,2.129999999999986358e+02
3.209000000000000000e+03,2.885000000000013642e+02
3.210000000000000000e+03,4.064999999999988631e+02
3.211000000000000000e+03,3.594999999999990905e+02
3.212000000000000000e+03,3.810000000000009095e+02
3.213000000000000000e+03,2.935000000000002274e+02
3.214000000000000000e+03,2.865000000000002274e+02
3.215000000000000000e+03,3.145000000000004547e+02
3.216000000000000000e+03,3.369999999999993179e+02
3.217000000000000000e+03,4.365000000000000000e+02
3.218000000000000000e+03,5.900000000000004547e+02
3.219000000000000000e+03,5.140000000000011369e+02
3.220000000000000000e+03,4.170000000000009095e+02
3.221000000000000000e+03,4.384999999999993179e+02
3.222000000000000000e+03,4.679999999999995453e+02
3.223000000000000000e+03,4.230000000000011369e+02
3.224000000000000000e+03,3.790000000000013642e+02
3.225000000000000000e+03,2.810000000000000000e+02
3.226000000000000000e+03,2.695000000000011369e+02
3.227000000000000000e+03,3.870000000000000000e+02
3.228000000000000000e+03,3.260000000000011369e+02
3.229000000000000000e+03,3.365000000000000000e+02
3.230000000000000000e+03,2.859999999999984084e+02
3.231000000000000000e+03,2.189999999999990905e+02
3.232000000000000000e+03,2.569999999999984084e+02
3.233000000000000000e+03,3.604999999999988631e+02
3.234000000000000000e+03,2.984999999999988631e+02
3.235000000000000000e+03,3.635000000000015916e+02
3.236000000000000000e+03,3.155000000000000000e+02
3.237000000000000000e+03,2.899999999999993179e+02
3.238000000000000000e+03,2.380000000000015916e+02
3.239000000000000000e+03,1.930000000000015916e+02
3.240000000000000000e+03,2.774999999999988631e+02
3.241000000000000000e+03,2.854999999999993179e+02
3.242000000000000000e+03,2.384999999999984084e+02
3.243000000000000000e+03,2.559999999999990905e+02
3.244000000000000000e+03,3.720000000000011369e+02
3.245000000000000000e+03,2.889999999999986358e+02
3.246000000000000000e+03,3.095000000000015916e+02
3.247000000000000000e+03,4.099999999999997726e+02
3.248000000000000000e+03,3.920000000000013642e+02
3.249000000000000000e+03,4.050000000000000000e+02
3.250000000000000000e+03,3.305000000000013642e+02
3.251000000000000000e+03,2.849999999999986358e+02
3.252000000000000000e+03,2.874999999999988631e+02
3.253000000000000000e+03,2.910000000000013642e+02
3.254000000000000000e+03,3.440000000000006821e+02
3.255000000000000000e+03,3.964999999999990905e+02
3.256000000000000000e+03,4.564999999999997726e+02
3.257000000000000000e+03,4.844999999999986926e+02
3.258000000000000000e+03,4.474999999999997726e+02
3.259000000000000000e+03,4.719999999999997726e+02
3.260000000000000000e+03,3.944999999999997726e+02
3.261000000000000000e+03,3.614999999999988631e+02
3.262000000000000000e+03,2.930000000000011369e+02
3.263000000000000000e+03,2.860000000000015916e+02
3.264000000000000000e+03,2.349999999999995453e+02
3.265000000000000000e+03,3.269999999999997726e+02
3.266000000000000000e+03,3.230000000000009095e+02
3.267000000000000000e+03,2.059999999999986358e+02
3.268000000000000000e+03,2.480000000000011369e+02
3.269000000000000000e+03,3.925000000000015916e+02
3.270000000000000000e+03,3.970000000000006821e+02
3.271000000000000000e+03,3.524999999999988631e+02
3.272000000000000000e+03,3.964999999999988631e+02
3.273000000000000000e+03,3.860000000000015916e+02
3.274000000000000000e+03,4.114999999999990905e+02
3.275000000000000000e+03,3.110000000000004547e+02
3.276000000000000000e+03,4.055000000000004547e+02
3.277000000000000000e+03,3.969999999999986358e+02
3.278000000000000000e+03,3.435000000000002274e+02
3.279000000000000000e+03,3.394999999999995453e+02
3.280000000000000000e+03,4.035000000000000000e+02
3.281000000000000000e+03,4.679999999999986358e+02
3.282000000000000000e+03,4.814999999999992610e+02
3.283000000000000000e+03,4.239999999999995453e+02
3.284000000000000000e+03,5.575000000000000000e+02
3.285000000000000000e+03,5.999999999999984084e+02
3.286000000000000000e+03,5.195000000000002274e+02
3.287000000000000000e+03,4.555000000000013642e+02
3.288000000000000000e+03,4.254999999999990905e+02
3.289000000000000000e+03,5.409999999999990905e+02
3.290000000000000000e+03,4.194999999999995453e+02
3.291000000000000000e+03,3.825000000000002274e+02
3.292000000000000000e+03,5.109999999999988631e+02
3.293000000000000000e+03,5.794999999999990905e+02
3.294000000000000000e+03,4.929999999999996021e+02
3.295000000000000000e+03,4.635000000000006821e+02
3.296000000000000000e+03,4.645000000000000000e+02
3.297000000000000000e+03,4.770000000000000000e+02
3.298000000000000000e+03,4.535000000000013642e+02
3.299000000000000000e+03,4.324999999999986358e+02
3.300000000000000000e+03,4.750000000000006821e+02
3.301000000000000000e+03,4.144999999999988631e+02
3.302000000000000000e+03,3.469999999999993179e+02
3.303000000000000000e+03,4.679999999999997726e+02
3.304000000000000000e+03,4.755000000000002274e+02
3.305000000000000000e+03,3.734999999999997726e+02
3.306000000000000000e+03,3.330000000000006821e+02
3.307000000000000000e+03,3.670000000000009095e+02
3.308000000000000000e+03,3.579999999999997726e+02
3.309000000000000000e+03,2.249999999999997726e+02
3.310000000000000000e+03,2.670000000000015916e+02
3.311000000000000000e+03,2.980000000000013642e+02
3.312000000000000000e+03,5.110000000000015348e+02
3.313000000000000000e+03,3.685000000000013642e+02
3.314000000000000000e+03,4.024999999999988631e+02
3.315000000000000000e+03,3.229999999999984084e+02
3.316000000000000000e+03,3.279999999999986358e+02
3.317000000000000000e+03,3.794999999999984084e+02
3.318000000000000000e+03,4.094999999999990905e+02
3.319000000000000000e+03,3.509999999999997726e+02
3.320000000000000000e+03,3.954999999999993179e+02
3.321000000000000000e+03,4.695000000000011369e+02
3.322000000000000000e+03,4.169999999999988631e+02
3.323000000000000000e+03,2.854999999999995453e+02
3.324000000000000000e+03,3.409999999999995453e+02
3.325000000000000000e+03,4.140000000000015916e+02
3.326000000000000000e+03,4.015000000000009095e+02
3.327000000000000000e+03,2.390000000000000000e+02
3.328000000000000000e+03,2.785000000000011369e+02
3.329000000000000000e+03,4.739999999999993179e+02
3.330000000000000000e+03,5.174999999999993179e+02
3.331000000000000000e+03,3.264999999999986358e+02
3.332000000000000000e+03,2.980000000000002274e+02
3.333000000000000000e+03,3.720000000000002274e+02
3.334000000000000000e+03,3.489999999999986358e+02
3.335000000000000000e+03,3.204999999999993179e+02
3.336000000000000000e+03,4.039999999999986358e+02
3.337000000000000000e+03,5.434999999999993179e+02
3.338000000000000000e+03,5.225000000000006821e+02
3.339000000000000000e+03,5.429999999999984084e+02
3.340000000000000000e+03,5.629999999999995453e+02
3.341000000000000000e+03,6.284999999999995453e+02
3.342000000000000000e+03,6.409999999999997726e+02
3.343000000000000000e+03,6.724999999999993179e+02
3.344000000000000000e+03,5.864999999999990905e+02
3.345000000000000000e+03,4.800000000000000000e+02
3.346000000000000000e+03,6.205000000000002274e+02
3.347000000000000000e+03,6.459999999999993179e+02
3.348000000000000000e+03,6.525000000000002274e+02
3.349000000000000000e+03,6.324999999999995453e+02
3.350000000000000000e+03,5.569999999999995453e+02
3.351000000000000000e+03,5.569999999999995453e+02
