pixel,flux_adu
0.000000000000000000e+00,1.034718287597215976e+03
1.000000000000000000e+00,1.034718287597215976e+03
2.000000000000000000e+00,8.525586759125823164e+02
3.000000000000000000e+00,9.573556049767308878e+02
4.000000000000000000e+00,1.690598786654876903e+03
5.000000000000000000e+00,1.774027993672886851e+03
6.000000000000000000e+00,1.182501075530899698e+03
7.000000000000000000e+00,1.298560274657741274e+03
8.000000000000000000e+00,1.862006630600723156e+03
9.000000000000000000e+00,2.076270767283796886e+03
1.000000000000000000e+01,2.080740058534250693e+03
1.100000000000000000e+01,2.156051267269989694e+03
1.200000000000000000e+01,2.144004521693691913e+03
1.300000000000000000e+01,1.849054811545242046e+03
1.400000000000000000e+01,1.860521735050000871e+03
1.500000000000000000e+01,1.600840803390545034e+03
1.600000000000000000e+01,1.322672044047031932e+03
1.700000000000000000e+01,1.019476865449418938e+03
1.800000000000000000e+01,1.127967741551859035e+03
1.900000000000000000e+01,1.585876085722745529e+03
2.000000000000000000e+01,1.761586132438551431e+03
2.100000000000000000e+01,2.007916943312148305e+03
2.200000000000000000e+01,2.132271982782126543e+03
2.300000000000000000e+01,2.056517683791085346e+03
2.400000000000000000e+01,1.494252314956894452e+03
2.500000000000000000e+01,1.325720366453012502e+03
2.600000000000000000e+01,1.568891302046071360e+03
2.700000000000000000e+01,1.400618878830579206e+03
2.800000000000000000e+01,1.331473147453184311e+03
2.900000000000000000e+01,1.516331708524004171e+03
3.000000000000000000e+01,1.588853899991528579e+03
3.100000000000000000e+01,1.703228202774946340e+03
3.200000000000000000e+01,1.828341095587641121e+03
3.300000000000000000e+01,1.177807572135528289e+03
3.400000000000000000e+01,1.094244382403653162e+03
3.500000000000000000e+01,1.215223987397886503e+03
3.600000000000000000e+01,1.592932920404562992e+03
3.700000000000000000e+01,1.520884914958935269e+03
3.800000000000000000e+01,1.174096185787976765e+03
3.900000000000000000e+01,1.377648756671539331e+03
4.000000000000000000e+01,1.651598008403892891e+03
4.100000000000000000e+01,1.813183234795293174e+03
4.200000000000000000e+01,1.799776562781483108e+03
4.300000000000000000e+01,1.871649141495390495e+03
4.400000000000000000e+01,1.810392787164405036e+03
4.500000000000000000e+01,1.428052046889621806e+03
4.600000000000000000e+01,1.707157782350576781e+03
4.700000000000000000e+01,1.985451667501400834e+03
4.800000000000000000e+01,1.791229770797927586e+03
4.900000000000000000e+01,1.479012255321759312e+03
5.000000000000000000e+01,1.618808212919321704e+03
5.100000000000000000e+01,1.551440627083592062e+03
5.200000000000000000e+01,1.287231476434102888e+03
5.300000000000000000e+01,1.184404065954762473e+03
5.400000000000000000e+01,1.224725622196954873e+03
5.500000000000000000e+01,1.474379142397671330e+03
5.600000000000000000e+01,1.892748780844639441e+03
5.700000000000000000e+01,1.642585182962344561e+03
5.800000000000000000e+01,9.807972241062958574e+02
5.900000000000000000e+01,1.385910326465208300e+03
6.000000000000000000e+01,1.431868868485639041e+03
6.100000000000000000e+01,1.218022802237114320e+03
6.200000000000000000e+01,1.163456125760091936e+03
6.300000000000000000e+01,1.728203016102651418e+03
6.400000000000000000e+01,1.251728349329061757e+03
6.500000000000000000e+01,1.124414967724627331e+03
6.600000000000000000e+01,1.079546198926156876e+03
6.700000000000000000e+01,1.734504057923292294e+03
6.800000000000000000e+01,1.874788617723404741e+03
6.900000000000000000e+01,1.142705883270891491e+03
7.000000000000000000e+01,9.398893236669728140e+02
7.100000000000000000e+01,1.014120241706962361e+03
7.200000000000000000e+01,1.595646071664371220e+03
7.300000000000000000e+01,1.952411915557903740e+03
7.400000000000000000e+01,1.675426821076566739e+03
7.500000000000000000e+01,1.152501544171568867e+03
7.600000000000000000e+01,1.264250478168377867e+03
7.700000000000000000e+01,1.440552097784270472e+03
7.800000000000000000e+01,1.310696751786534605e+03
7.900000000000000000e+01,1.335415388658839902e+03
8.000000000000000000e+01,1.375474387171044100e+03
8.100000000000000000e+01,2.336397551680785455e+03
8.200000000000000000e+01,2.219062270751995584e+03
8.300000000000000000e+01,2.002990523706031581e+03
8.400000000000000000e+01,1.926461518063772246e+03
8.500000000000000000e+01,1.760324443690852377e+03
8.600000000000000000e+01,1.690626948805854454e+03
8.700000000000000000e+01,1.427388969464091815e+03
8.800000000000000000e+01,1.868993765589340228e+03
8.900000000000000000e+01,1.549098235496922598e+03
9.000000000000000000e+01,1.395876206468694591e+03
9.100000000000000000e+01,1.646037886027346076e+03
9.200000000000000000e+01,2.041636219679058513e+03
9.300000000000000000e+01,1.990155114215907815e+03
9.400000000000000000e+01,1.690106176694891474e+03
9.500000000000000000e+01,1.772559087327996394e+03
9.600000000000000000e+01,1.770885479204017429e+03
9.700000000000000000e+01,1.986396152116798930e+03
9.800000000000000000e+01,1.677618901049505666e+03
9.900000000000000000e+01,1.788924649786886675e+03
1.000000000000000000e+02,1.857677288362384388e+03
1.010000000000000000e+02,2.093987329176163257e+03
1.020000000000000000e+02,2.148651502728481319e+03
1.030000000000000000e+02,1.868269432070332186e+03
1.040000000000000000e+02,1.946883838177604275e+03
1.050000000000000000e+02,1.932047873236937448e+03
1.060000000000000000e+02,2.197846272068818507e+03
1.070000000000000000e+02,2.052568120328111945e+03
1.080000000000000000e+02,2.414608941399932519e+03
1.090000000000000000e+02,1.997030377778245793e+03
1.100000000000000000e+02,2.313594364978744125e+03
1.110000000000000000e+02,2.575549961394595812e+03
1.120000000000000000e+02,2.793871801949166183e+03
1.130000000000000000e+02,2.316639568085303836e+03
1.140000000000000000e+02,2.117590428428164159e+03
1.150000000000000000e+02,1.883274762800336475e+03
1.160000000000000000e+02,1.905136342323927920e+03
1.170000000000000000e+02,1.976984894584795711e+03
1.180000000000000000e+02,2.284331640301459629e+03
1.190000000000000000e+02,2.027582507092051856e+03
1.200000000000000000e+02,1.806991618313346180e+03
1.210000000000000000e+02,1.887436847548151491e+03
1.220000000000000000e+02,1.715959418830306277e+03
1.230000000000000000e+02,1.877267431525270013e+03
1.240000000000000000e+02,1.660041590695507693e+03
1.250000000000000000e+02,1.755028308705525433e+03
1.260000000000000000e+02,1.850608461284283749e+03
1.270000000000000000e+02,2.626879801059349120e+03
1.280000000000000000e+02,2.559236298235564846e+03
1.290000000000000000e+02,2.235421839685046052e+03
1.300000000000000000e+02,2.034969111196871154e+03
1.310000000000000000e+02,2.545267604457417292e+03
1.320000000000000000e+02,2.633598337745953813e+03
1.330000000000000000e+02,2.608401711480245467e+03
1.340000000000000000e+02,2.670598932470256841e+03
1.350000000000000000e+02,2.641460254224316031e+03
1.360000000000000000e+02,2.562401229765408061e+03
1.370000000000000000e+02,2.944674443421341039e+03
1.380000000000000000e+02,2.950702623082750506e+03
1.390000000000000000e+02,2.491128497052135117e+03
1.400000000000000000e+02,2.244313032436479716e+03
1.410000000000000000e+02,2.595462038382685478e+03
1.420000000000000000e+02,2.790165682930015919e+03
1.430000000000000000e+02,2.660058347247189886e+03
1.440000000000000000e+02,3.142235244824953043e+03
1.450000000000000000e+02,2.738458936015666950e+03
1.460000000000000000e+02,2.124741005609334934e+03
1.470000000000000000e+02,1.883599259092612783e+03
1.480000000000000000e+02,2.020366746563660172e+03
1.490000000000000000e+02,1.891502130654444272e+03
1.500000000000000000e+02,1.873549893653867230e+03
1.510000000000000000e+02,1.935321028994644166e+03
1.520000000000000000e+02,2.023713072523525625e+03
1.530000000000000000e+02,2.006660985779891007e+03
1.540000000000000000e+02,1.832019512854395543e+03
1.550000000000000000e+02,1.726571036418550648e+03
1.560000000000000000e+02,1.947095241833630553e+03
1.570000000000000000e+02,1.267341252106351249e+03
1.580000000000000000e+02,1.444595833032462679e+03
1.590000000000000000e+02,1.883245208969186478e+03
1.600000000000000000e+02,1.865234901813428223e+03
1.610000000000000000e+02,1.569652963715277110e+03
1.620000000000000000e+02,1.677915296032547303e+03
1.630000000000000000e+02,2.114126133559741902e+03
1.640000000000000000e+02,2.557578337229237604e+03
1.650000000000000000e+02,2.654387866104169007e+03
1.660000000000000000e+02,2.056389279233315847e+03
1.670000000000000000e+02,1.842696490914927381e+03
1.680000000000000000e+02,1.517858396132205598e+03
1.690000000000000000e+02,2.004711157550294502e+03
1.700000000000000000e+02,2.605464249980901059e+03
1.710000000000000000e+02,2.670007013234330316e+03
1.720000000000000000e+02,2.523258159870721556e+03
1.730000000000000000e+02,2.736796298584213673e+03
1.740000000000000000e+02,3.277225282929613513e+03
1.750000000000000000e+02,3.031992079242623731e+03
1.760000000000000000e+02,3.370587033217417229e+03
1.770000000000000000e+02,3.419774277397796141e+03
1.780000000000000000e+02,3.179983369771628531e+03
1.790000000000000000e+02,2.846056891719087616e+03
1.800000000000000000e+02,2.832870882520635860e+03
1.810000000000000000e+02,2.956133846773213008e+03
1.820000000000000000e+02,3.176425003037520582e+03
1.830000000000000000e+02,3.019536029264931585e+03
1.840000000000000000e+02,2.998541895987958469e+03
1.850000000000000000e+02,2.985545709598010490e+03
1.860000000000000000e+02,3.025933672388985087e+03
1.870000000000000000e+02,2.654816468931507643e+03
1.880000000000000000e+02,2.583705451777950202e+03
1.890000000000000000e+02,2.740363682480218813e+03
1.900000000000000000e+02,2.555410072567940915e+03
1.910000000000000000e+02,1.778918071930947690e+03
1.920000000000000000e+02,1.823470440045900887e+03
1.930000000000000000e+02,1.923601101339528213e+03
1.940000000000000000e+02,2.384689390630401249e+03
1.950000000000000000e+02,2.025376622685105303e+03
1.960000000000000000e+02,2.356759115374012254e+03
1.970000000000000000e+02,2.415599774623888607e+03
1.980000000000000000e+02,2.759017223703132458e+03
1.990000000000000000e+02,3.297036919694170138e+03
2.000000000000000000e+02,2.975062212588680268e+03
2.010000000000000000e+02,2.543357570689610384e+03
2.020000000000000000e+02,2.743737214428404059e+03
2.030000000000000000e+02,2.799253855332413877e+03
2.040000000000000000e+02,3.286240495670765085e+03
2.050000000000000000e+02,3.481699198214603257e+03
2.060000000000000000e+02,3.323611563181013935e+03
2.070000000000000000e+02,2.812792978094210866e+03
2.080000000000000000e+02,2.445133792865286523e+03
2.090000000000000000e+02,2.300336620831023538e+03
2.100000000000000000e+02,2.726340280441276718e+03
2.110000000000000000e+02,3.015877726634301325e+03
2.120000000000000000e+02,2.876878254039038893e+03
2.130000000000000000e+02,2.614253526258967213e+03
2.140000000000000000e+02,2.178159453169274002e+03
2.150000000000000000e+02,1.960380048425541872e+03
2.160000000000000000e+02,2.048883239966827659e+03
2.170000000000000000e+02,1.930322628020659977e+03
2.180000000000000000e+02,1.781341657965145487e+03
2.190000000000000000e+02,1.716515936667191227e+03
2.200000000000000000e+02,1.511494334205350015e+03
2.210000000000000000e+02,1.278270777685236453e+03
2.220000000000000000e+02,1.789987947204102966e+03
2.230000000000000000e+02,1.790533564323355677e+03
2.240000000000000000e+02,2.159711367771740697e+03
2.250000000000000000e+02,1.721817342986029416e+03
2.260000000000000000e+02,1.598915492561097381e+03
2.270000000000000000e+02,1.715845642702697205e+03
2.280000000000000000e+02,1.990425267543609380e+03
2.290000000000000000e+02,2.325060700708499553e+03
2.300000000000000000e+02,2.869629676412542267e+03
2.310000000000000000e+02,2.553191381690897742e+03
2.320000000000000000e+02,2.153536414350166069e+03
2.330000000000000000e+02,1.847643261887290009e+03
2.340000000000000000e+02,1.844755011550289055e+03
2.350000000000000000e+02,2.285877117128877217e+03
2.360000000000000000e+02,1.876370595982017221e+03
2.370000000000000000e+02,2.322317069620544771e+03
2.380000000000000000e+02,2.094966565441180137e+03
2.390000000000000000e+02,2.195734058618560539e+03
2.400000000000000000e+02,2.406395439595584776e+03
2.410000000000000000e+02,2.343689598779758398e+03
2.420000000000000000e+02,1.709622742219560450e+03
2.430000000000000000e+02,1.309411436839210410e+03
2.440000000000000000e+02,1.253823083938612399e+03
2.450000000000000000e+02,1.928366430679153154e+03
2.460000000000000000e+02,2.014514885623160808e+03
2.470000000000000000e+02,1.788310528124189204e+03
2.480000000000000000e+02,1.718724386519352493e+03
2.490000000000000000e+02,1.589696878046005850e+03
2.500000000000000000e+02,1.917779382566381855e+03
2.510000000000000000e+02,1.722215383987687119e+03
2.520000000000000000e+02,1.557755358767529970e+03
2.530000000000000000e+02,2.117180588601032923e+03
2.540000000000000000e+02,2.681840236826598812e+03
2.550000000000000000e+02,2.331676781558473522e+03
2.560000000000000000e+02,1.664165475474465893e+03
2.570000000000000000e+02,1.650498359927429419e+03
2.580000000000000000e+02,1.115646125173372411e+03
2.590000000000000000e+02,1.286128183916230910e+03
2.600000000000000000e+02,2.424039641304016641e+03
2.610000000000000000e+02,2.893392069119305233e+03
2.620000000000000000e+02,1.993331894914352006e+03
2.630000000000000000e+02,1.874742201635723177e+03
2.640000000000000000e+02,1.408491763957636749e+03
2.650000000000000000e+02,1.854895720257724633e+03
2.660000000000000000e+02,1.893888948997197531e+03
2.670000000000000000e+02,1.595296641581771837e+03
2.680000000000000000e+02,2.012998291205441092e+03
2.690000000000000000e+02,1.642529810791136242e+03
2.700000000000000000e+02,1.653325349019927671e+03
2.710000000000000000e+02,1.729972702683378429e+03
2.720000000000000000e+02,1.557042333425144079e+03
2.730000000000000000e+02,1.987143593476834667e+03
2.740000000000000000e+02,1.915685705763905389e+03
2.750000000000000000e+02,1.633760211681193823e+03
2.760000000000000000e+02,1.565910671511956707e+03
2.770000000000000000e+02,1.786513486201138221e+03
2.780000000000000000e+02,1.973643772615897205e+03
2.790000000000000000e+02,1.859371676839606380e+03
2.800000000000000000e+02,1.706230682868429312e+03
2.810000000000000000e+02,1.581915013238110305e+03
2.820000000000000000e+02,1.779710074983357117e+03
2.830000000000000000e+02,1.677762217489341538e+03
2.840000000000000000e+02,1.578033162797211844e+03
2.850000000000000000e+02,1.720496334552346298e+03
2.860000000000000000e+02,1.551369375668187331e+03
2.870000000000000000e+02,1.622788266472571195e+03
2.880000000000000000e+02,1.633463028735775652e+03
2.890000000000000000e+02,1.736044266776329096e+03
2.900000000000000000e+02,1.901220509451827184e+03
2.910000000000000000e+02,1.565109479615690589e+03
2.920000000000000000e+02,1.310614493394997680e+03
2.930000000000000000e+02,1.598941156387616275e+03
2.940000000000000000e+02,2.188344772871133046e+03
2.950000000000000000e+02,2.097011998866979866e+03
2.960000000000000000e+02,1.634345112034327940e+03
2.970000000000000000e+02,1.570548092167233108e+03
2.980000000000000000e+02,1.804931933666567829e+03
2.990000000000000000e+02,1.625869716444896767e+03
3.000000000000000000e+02,1.958289993940915110e+03
3.010000000000000000e+02,1.817362799642990467e+03
3.020000000000000000e+02,1.725533352795737301e+03
3.030000000000000000e+02,1.794535891006670681e+03
3.040000000000000000e+02,1.932797343523777499e+03
3.050000000000000000e+02,1.788343315618421684e+03
3.060000000000000000e+02,1.809015027548912485e+03
3.070000000000000000e+02,1.957282062138425772e+03
3.080000000000000000e+02,2.269310567552657176e+03
3.090000000000000000e+02,2.683120524797089274e+03
3.100000000000000000e+02,2.484565272663501219e+03
3.110000000000000000e+02,1.689236311061392598e+03
3.120000000000000000e+02,1.200527394831607353e+03
3.130000000000000000e+02,1.648974036500701231e+03
3.140000000000000000e+02,1.425065373806181242e+03
3.150000000000000000e+02,2.049655605246401592e+03
3.160000000000000000e+02,1.922111188462344899e+03
3.170000000000000000e+02,2.234682937824318287e+03
3.180000000000000000e+02,2.292242886333196566e+03
3.190000000000000000e+02,2.123202882263565243e+03
3.200000000000000000e+02,1.764813299953165597e+03
3.210000000000000000e+02,1.765209275158521450e+03
3.220000000000000000e+02,2.052246918246290079e+03
3.230000000000000000e+02,1.850496631638641702e+03
3.240000000000000000e+02,2.011263149214374835e+03
3.250000000000000000e+02,2.100378020619575636e+03
3.260000000000000000e+02,1.868111566034885072e+03
3.270000000000000000e+02,1.912189827267224700e+03
3.280000000000000000e+02,1.579474698027403974e+03
3.290000000000000000e+02,1.525022527220636221e+03
3.300000000000000000e+02,1.417744542861415994e+03
3.310000000000000000e+02,1.745542611811921915e+03
3.320000000000000000e+02,1.699203094558861721e+03
3.330000000000000000e+02,1.819613300739158603e+03
3.340000000000000000e+02,1.861763256510676001e+03
3.350000000000000000e+02,1.842827883077914748e+03
3.360000000000000000e+02,1.907196803814822033e+03
3.370000000000000000e+02,1.864358813500815813e+03
3.380000000000000000e+02,1.924390574177632971e+03
3.390000000000000000e+02,1.562805482016220594e+03
3.400000000000000000e+02,1.438781728542702695e+03
3.410000000000000000e+02,1.277577180392666151e+03
3.420000000000000000e+02,1.623939674407943585e+03
3.430000000000000000e+02,1.774022799254740221e+03
3.440000000000000000e+02,1.814281824142560936e+03
3.450000000000000000e+02,1.773154149872317021e+03
3.460000000000000000e+02,1.570201973739104460e+03
3.470000000000000000e+02,1.206891497194762678e+03
3.480000000000000000e+02,1.616209816475202842e+03
3.490000000000000000e+02,1.853772669489791042e+03
3.500000000000000000e+02,1.841069530573517113e+03
3.510000000000000000e+02,1.647596383771877754e+03
3.520000000000000000e+02,2.071928149045350438e+03
3.530000000000000000e+02,1.968416910885383231e+03
3.540000000000000000e+02,1.623342549157355506e+03
3.550000000000000000e+02,1.736472149536240067e+03
3.560000000000000000e+02,1.751907458754293430e+03
3.570000000000000000e+02,1.892858667808920245e+03
3.580000000000000000e+02,2.156827975038850582e+03
3.590000000000000000e+02,2.361914185620180433e+03
3.600000000000000000e+02,2.177311808756669961e+03
3.610000000000000000e+02,2.389642110304728703e+03
3.620000000000000000e+02,2.842068808638638075e+03
3.630000000000000000e+02,2.801427184773973750e+03
3.640000000000000000e+02,2.960009034653578965e+03
3.650000000000000000e+02,2.706181089421076649e+03
3.660000000000000000e+02,2.416379799530727269e+03
3.670000000000000000e+02,2.529218633825461893e+03
3.680000000000000000e+02,2.892832635134325301e+03
3.690000000000000000e+02,3.004858273158335123e+03
3.700000000000000000e+02,2.811402873129585259e+03
3.710000000000000000e+02,3.097457975567529502e+03
3.720000000000000000e+02,3.729125738610047392e+03
3.730000000000000000e+02,3.614337073128348038e+03
3.740000000000000000e+02,3.425438209832912435e+03
3.750000000000000000e+02,3.801877745712345586e+03
3.760000000000000000e+02,4.136540147247460482e+03
3.770000000000000000e+02,3.830020071388320957e+03
3.780000000000000000e+02,3.698109381515233054e+03
3.790000000000000000e+02,3.534742929927978366e+03
3.800000000000000000e+02,3.675161770549625089e+03
3.810000000000000000e+02,3.462260990468856562e+03
3.820000000000000000e+02,3.738453095012396261e+03
3.830000000000000000e+02,3.330219399073894238e+03
3.840000000000000000e+02,2.799987825548609180e+03
3.850000000000000000e+02,2.734018691354099246e+03
3.860000000000000000e+02,3.420698652563843552e+03
3.870000000000000000e+02,2.784365538201148865e+03
3.880000000000000000e+02,2.489539245941766694e+03
3.890000000000000000e+02,2.802463638581939449e+03
3.900000000000000000e+02,3.235607281208569020e+03
3.910000000000000000e+02,3.948237390650791440e+03
3.920000000000000000e+02,4.023368176171157302e+03
3.930000000000000000e+02,3.401582379773716184e+03
3.940000000000000000e+02,3.193026946682036396e+03
3.950000000000000000e+02,3.412148196422527235e+03
3.960000000000000000e+02,3.378961923245622529e+03
3.970000000000000000e+02,2.996703363406454173e+03
3.980000000000000000e+02,3.169056765654045648e+03
3.990000000000000000e+02,3.388853816448297493e+03
4.000000000000000000e+02,3.148247292870225010e+03
4.010000000000000000e+02,3.066463006854462947e+03
4.020000000000000000e+02,2.996301921062450674e+03
4.030000000000000000e+02,2.993597669184206552e+03
4.040000000000000000e+02,2.516945714448780564e+03
4.050000000000000000e+02,2.343356838318091377e+03
4.060000000000000000e+02,2.817616003899435782e+03
4.070000000000000000e+02,3.036601946225356187e+03
4.080000000000000000e+02,3.011191150512797321e+03
4.090000000000000000e+02,2.441165444284892146e+03
4.100000000000000000e+02,2.267940092401373022e+03
4.110000000000000000e+02,2.428031148275262694e+03
4.120000000000000000e+02,2.386096212181081228e+03
4.130000000000000000e+02,2.204752149587269287e+03
4.140000000000000000e+02,2.199112673474709936e+03
4.150000000000000000e+02,1.874247951098752992e+03
4.160000000000000000e+02,2.436001637763838517e+03
4.170000000000000000e+02,2.227485883284062766e+03
4.180000000000000000e+02,2.107573124355400068e+03
4.190000000000000000e+02,2.081201702628794919e+03
4.200000000000000000e+02,2.229342312648869665e+03
4.210000000000000000e+02,2.422712943887876463e+03
4.220000000000000000e+02,2.129731110575103230e+03
4.230000000000000000e+02,2.134210976759649839e+03
4.240000000000000000e+02,1.999655471956957399e+03
4.250000000000000000e+02,2.286690134102009779e+03
4.260000000000000000e+02,2.546678282293930806e+03
4.270000000000000000e+02,2.794770446268228625e+03
4.280000000000000000e+02,3.319375039471614855e+03
4.290000000000000000e+02,2.494848402050278764e+03
4.300000000000000000e+02,2.210727242522817505e+03
4.310000000000000000e+02,2.370173306778838196e+03
4.320000000000000000e+02,2.697687195373594022e+03
4.330000000000000000e+02,2.827257339178726397e+03
4.340000000000000000e+02,2.800507066193431456e+03
4.350000000000000000e+02,2.830379665990663398e+03
4.360000000000000000e+02,3.058180048568439361e+03
4.370000000000000000e+02,3.297082344862174978e+03
4.380000000000000000e+02,3.256734017727324044e+03
4.390000000000000000e+02,2.938906862654513588e+03
4.400000000000000000e+02,3.308829777555337387e+03
4.410000000000000000e+02,3.173701724870266389e+03
4.420000000000000000e+02,3.291205289054537388e+03
4.430000000000000000e+02,3.141308112104138218e+03
4.440000000000000000e+02,2.860703630108678681e+03
4.450000000000000000e+02,2.584786522251126826e+03
4.460000000000000000e+02,3.205378164402965467e+03
4.470000000000000000e+02,3.751576657134285142e+03
4.480000000000000000e+02,4.135716416767626470e+03
4.490000000000000000e+02,4.103580604706307895e+03
4.500000000000000000e+02,4.403951433515781900e+03
4.510000000000000000e+02,5.205579851204026454e+03
4.520000000000000000e+02,5.648385294533121851e+03
4.530000000000000000e+02,6.005528191023402542e+03
4.540000000000000000e+02,6.544135446404388858e+03
4.550000000000000000e+02,6.720618260168828783e+03
4.560000000000000000e+02,7.360609393758636543e+03
4.570000000000000000e+02,7.370051135515670467e+03
4.580000000000000000e+02,7.922134118618048888e+03
4.590000000000000000e+02,8.541937781475215161e+03
4.600000000000000000e+02,9.464752271518862472e+03
4.610000000000000000e+02,9.982086415557510918e+03
4.620000000000000000e+02,1.067313572134806964e+04
4.630000000000000000e+02,1.096264688244733770e+04
4.640000000000000000e+02,1.206508897659109425e+04
4.650000000000000000e+02,1.180831188413459495e+04
4.660000000000000000e+02,1.140322018520366692e+04
4.670000000000000000e+02,1.043371597694781485e+04
4.680000000000000000e+02,1.037412198833573711e+04
4.690000000000000000e+02,9.271011417066887589e+03
4.700000000000000000e+02,8.651018187398591181e+03
4.710000000000000000e+02,7.618515544076196420e+03
4.720000000000000000e+02,7.351450910659964393e+03
4.730000000000000000e+02,6.196763917203168603e+03
4.740000000000000000e+02,5.320102595157251017e+03
4.750000000000000000e+02,5.781842374709664909e+03
4.760000000000000000e+02,5.950858852553146789e+03
4.770000000000000000e+02,5.156224644348983929e+03
4.780000000000000000e+02,4.453991072176330817e+03
4.790000000000000000e+02,4.093210562951449901e+03
4.800000000000000000e+02,4.355594409466112666e+03
4.810000000000000000e+02,4.604631264006892707e+03
4.820000000000000000e+02,4.122788737419999052e+03
4.830000000000000000e+02,3.408331260304077205e+03
4.840000000000000000e+02,3.398769013853575871e+03
4.850000000000000000e+02,3.374892388744900472e+03
4.860000000000000000e+02,2.933690295611958845e+03
4.870000000000000000e+02,3.000712076335947586e+03
4.880000000000000000e+02,2.576752039691010395e+03
4.890000000000000000e+02,2.083497882625282728e+03
4.900000000000000000e+02,2.247744668679280949e+03
4.910000000000000000e+02,2.303079334700958498e+03
4.920000000000000000e+02,2.004565269825173800e+03
4.930000000000000000e+02,2.504075060951809064e+03
4.940000000000000000e+02,3.131754660568529744e+03
4.950000000000000000e+02,2.919523602971263244e+03
4.960000000000000000e+02,3.083478847575408054e+03
4.970000000000000000e+02,3.448436142219587509e+03
4.980000000000000000e+02,3.659000061237299633e+03
4.990000000000000000e+02,3.771082377806830209e+03
5.000000000000000000e+02,3.956814529114537891e+03
5.010000000000000000e+02,2.957608873491540635e+03
5.020000000000000000e+02,2.989118590320669227e+03
5.030000000000000000e+02,3.666065582945534516e+03
5.040000000000000000e+02,4.136285233235600572e+03
5.050000000000000000e+02,3.834112454320584675e+03
5.060000000000000000e+02,3.902454648014917893e+03
5.070000000000000000e+02,3.708895237740879566e+03
5.080000000000000000e+02,3.859044205812295331e+03
5.090000000000000000e+02,4.012753190834396719e+03
5.100000000000000000e+02,4.173643133140728423e+03
5.110000000000000000e+02,3.495407490203914676e+03
5.120000000000000000e+02,3.273281010453472391e+03
5.130000000000000000e+02,2.760146335786324926e+03
5.140000000000000000e+02,2.573733800997304570e+03
5.150000000000000000e+02,2.376196727116730926e+03
5.160000000000000000e+02,2.193531776978281869e+03
5.170000000000000000e+02,2.507079202636683476e+03
5.180000000000000000e+02,3.116016731651211103e+03
5.190000000000000000e+02,2.800048426790623125e+03
5.200000000000000000e+02,2.458105642393646121e+03
5.210000000000000000e+02,2.766728260785054772e+03
5.220000000000000000e+02,2.964296996799141198e+03
5.230000000000000000e+02,3.229580019671166156e+03
5.240000000000000000e+02,2.563672187420103455e+03
5.250000000000000000e+02,2.772484320197624584e+03
5.260000000000000000e+02,2.958675799475023723e+03
5.270000000000000000e+02,2.867463105106266539e+03
5.280000000000000000e+02,2.747072422307924626e+03
5.290000000000000000e+02,2.902643195013504283e+03
5.300000000000000000e+02,3.864563322098767003e+03
5.310000000000000000e+02,3.850764179560359025e+03
5.320000000000000000e+02,3.098517063316935491e+03
5.330000000000000000e+02,2.800757792626334322e+03
5.340000000000000000e+02,3.126930592149957192e+03
5.350000000000000000e+02,3.141657945196808214e+03
5.360000000000000000e+02,3.773815965318991402e+03
5.370000000000000000e+02,3.666920574463638786e+03
5.380000000000000000e+02,3.340761159775938268e+03
5.390000000000000000e+02,3.122024939575961071e+03
5.400000000000000000e+02,3.689146877381243939e+03
5.410000000000000000e+02,4.031468469878954693e+03
5.420000000000000000e+02,3.980335812532278396e+03
5.430000000000000000e+02,3.554490212032145791e+03
5.440000000000000000e+02,3.554250721606985735e+03
5.450000000000000000e+02,3.168850299258837367e+03
5.460000000000000000e+02,3.800086376029265011e+03
5.470000000000000000e+02,4.130124830033125363e+03
5.480000000000000000e+02,4.449310606856969571e+03
5.490000000000000000e+02,4.433737627311669712e+03
5.500000000000000000e+02,3.483151975812430010e+03
5.510000000000000000e+02,2.851925659285594975e+03
5.520000000000000000e+02,2.886835927816129242e+03
5.530000000000000000e+02,2.828657747937483691e+03
5.540000000000000000e+02,3.177185314433982057e+03
5.550000000000000000e+02,3.111024187523128603e+03
5.560000000000000000e+02,2.915491644974365045e+03
5.570000000000000000e+02,2.669710019190489220e+03
5.580000000000000000e+02,2.563137912664342366e+03
5.590000000000000000e+02,2.830083422265036916e+03
5.600000000000000000e+02,2.823745157946627842e+03
5.610000000000000000e+02,2.387021425947043554e+03
5.620000000000000000e+02,2.408872553609374791e+03
5.630000000000000000e+02,2.691972202122551607e+03
5.640000000000000000e+02,3.113545402524466226e+03
5.650000000000000000e+02,2.965577972247759135e+03
5.660000000000000000e+02,3.091144819718900635e+03
5.670000000000000000e+02,3.034740184562514060e+03
5.680000000000000000e+02,3.150685147220277486e+03
5.690000000000000000e+02,3.566772798732456522e+03
5.700000000000000000e+02,4.294026766195399432e+03
5.710000000000000000e+02,4.278026019169801657e+03
5.720000000000000000e+02,4.143338152087795606e+03
5.730000000000000000e+02,3.654455541745119717e+03
5.740000000000000000e+02,3.966762436000120033e+03
5.750000000000000000e+02,3.170080404135148910e+03
5.760000000000000000e+02,2.624412541686490840e+03
5.770000000000000000e+02,2.561487173174148211e+03
5.780000000000000000e+02,2.457787133272682240e+03
5.790000000000000000e+02,2.350139925270249023e+03
5.800000000000000000e+02,2.588149212532424826e+03
5.810000000000000000e+02,2.452250124456898448e+03
5.820000000000000000e+02,2.800899100703497425e+03
5.830000000000000000e+02,2.664467225950312695e+03
5.840000000000000000e+02,2.642869186120619815e+03
5.850000000000000000e+02,2.211304616730601538e+03
5.860000000000000000e+02,2.341881122216909262e+03
5.870000000000000000e+02,2.509446914775995992e+03
5.880000000000000000e+02,2.388677528500649714e+03
5.890000000000000000e+02,1.581571205784548056e+03
5.900000000000000000e+02,1.663095803695127870e+03
5.910000000000000000e+02,1.768037370633831188e+03
5.920000000000000000e+02,2.010976113534778506e+03
5.930000000000000000e+02,2.334009052170851191e+03
5.940000000000000000e+02,2.867632778221768604e+03
5.950000000000000000e+02,2.641712289757201233e+03
5.960000000000000000e+02,2.253551924344926647e+03
5.970000000000000000e+02,2.542115600457238088e+03
5.980000000000000000e+02,2.967723233602825530e+03
5.990000000000000000e+02,2.966181800760793521e+03
6.000000000000000000e+02,2.290599501081074777e+03
6.010000000000000000e+02,2.213946833190460893e+03
6.020000000000000000e+02,2.299529764713269742e+03
6.030000000000000000e+02,2.458396840727310519e+03
6.040000000000000000e+02,1.930112684484557576e+03
6.050000000000000000e+02,1.800519426327532528e+03
6.060000000000000000e+02,2.461473991518788353e+03
6.070000000000000000e+02,2.514235975767615400e+03
6.080000000000000000e+02,2.558964553247107233e+03
6.090000000000000000e+02,2.039668744452759256e+03
6.100000000000000000e+02,1.662213706158003106e+03
6.110000000000000000e+02,1.978461327497434468e+03
6.120000000000000000e+02,2.602491360626794176e+03
6.130000000000000000e+02,2.439866566587977559e+03
6.140000000000000000e+02,2.804495463102842677e+03
6.150000000000000000e+02,2.464900005020248045e+03
6.160000000000000000e+02,2.523325756509894291e+03
6.170000000000000000e+02,2.295267698336804642e+03
6.180000000000000000e+02,2.783933608692277176e+03
6.190000000000000000e+02,3.658979353868434373e+03
6.200000000000000000e+02,3.719153769398895747e+03
6.210000000000000000e+02,3.305696726023740212e+03
6.220000000000000000e+02,3.599272245867243782e+03
6.230000000000000000e+02,3.695468653164474290e+03
6.240000000000000000e+02,3.854094532814199738e+03
6.250000000000000000e+02,3.765706109119377743e+03
6.260000000000000000e+02,4.420995138801670691e+03
6.270000000000000000e+02,4.197508561465185267e+03
6.280000000000000000e+02,3.515862331032538350e+03
6.290000000000000000e+02,3.021474147473396897e+03
6.300000000000000000e+02,3.510297953263308045e+03
6.310000000000000000e+02,3.352732171867837224e+03
6.320000000000000000e+02,3.190988542764180238e+03
6.330000000000000000e+02,2.562181458426470726e+03
6.340000000000000000e+02,2.687484683524384309e+03
6.350000000000000000e+02,2.821068591126848332e+03
6.360000000000000000e+02,2.833268379023260877e+03
6.370000000000000000e+02,2.390768119162179119e+03
6.380000000000000000e+02,2.322639130589609977e+03
6.390000000000000000e+02,1.942323130443356376e+03
6.400000000000000000e+02,1.981159062521297301e+03
6.410000000000000000e+02,1.801553046833857479e+03
6.420000000000000000e+02,2.137126188978246319e+03
6.430000000000000000e+02,2.616671456042978662e+03
6.440000000000000000e+02,2.692999677008675462e+03
6.450000000000000000e+02,2.502985149187875322e+03
6.460000000000000000e+02,1.851775302441406211e+03
6.470000000000000000e+02,1.813232719667551237e+03
6.480000000000000000e+02,2.051732678374265106e+03
6.490000000000000000e+02,2.230427782100533932e+03
6.500000000000000000e+02,2.167097064062711070e+03
6.510000000000000000e+02,2.358100123293108027e+03
6.520000000000000000e+02,2.571018503546239117e+03
6.530000000000000000e+02,2.355257903619126409e+03
6.540000000000000000e+02,2.014170340461016167e+03
6.550000000000000000e+02,1.951169441942815183e+03
6.560000000000000000e+02,2.430612295424500644e+03
6.570000000000000000e+02,2.627943845293972117e+03
6.580000000000000000e+02,2.332768902813080786e+03
6.590000000000000000e+02,2.329851296857092166e+03
6.600000000000000000e+02,3.081731351689315943e+03
6.610000000000000000e+02,3.118475363508703595e+03
6.620000000000000000e+02,3.213122553614419303e+03
6.630000000000000000e+02,3.060408113530344508e+03
6.640000000000000000e+02,3.579769255897012044e+03
6.650000000000000000e+02,3.683815072368845904e+03
6.660000000000000000e+02,3.468205745961999583e+03
6.670000000000000000e+02,2.785698184742212106e+03
6.680000000000000000e+02,2.954187693275493984e+03
6.690000000000000000e+02,2.775597427984705064e+03
6.700000000000000000e+02,2.807149066788886557e+03
6.710000000000000000e+02,3.471016535033726086e+03
6.720000000000000000e+02,4.191260842048929590e+03
6.730000000000000000e+02,4.328714968332381432e+03
6.740000000000000000e+02,3.888188185234515004e+03
6.750000000000000000e+02,3.973189670706170546e+03
6.760000000000000000e+02,4.288945258951010146e+03
6.770000000000000000e+02,4.495987111117896347e+03
6.780000000000000000e+02,4.161406929313382534e+03
6.790000000000000000e+02,3.875801703089885450e+03
6.800000000000000000e+02,4.276232477316214499e+03
6.810000000000000000e+02,4.231679077141315247e+03
6.820000000000000000e+02,4.633553153308433139e+03
6.830000000000000000e+02,4.876752915620563726e+03
6.840000000000000000e+02,5.540151980538017597e+03
6.850000000000000000e+02,5.810007806965007148e+03
6.860000000000000000e+02,6.779371290997108190e+03
6.870000000000000000e+02,7.172440968490027444e+03
6.880000000000000000e+02,7.577831715457861719e+03
6.890000000000000000e+02,8.610626201580023917e+03
6.900000000000000000e+02,9.638782013728403399e+03
6.910000000000000000e+02,1.059972052337262903e+04
6.920000000000000000e+02,1.211407593391975206e+04
6.930000000000000000e+02,1.197976384056823372e+04
6.940000000000000000e+02,1.154226874733235491e+04
6.950000000000000000e+02,9.620764575499135390e+03
6.960000000000000000e+02,8.847500781260299846e+03
6.970000000000000000e+02,7.584609780235470680e+03
6.980000000000000000e+02,7.381480094906317390e+03
6.990000000000000000e+02,5.960565337556134182e+03
7.000000000000000000e+02,5.035698788466728729e+03
7.010000000000000000e+02,3.286786676964141407e+03
7.020000000000000000e+02,2.242075701472326728e+03
7.030000000000000000e+02,2.266607152241072072e+03
7.040000000000000000e+02,2.646510077648313654e+03
7.050000000000000000e+02,2.754175053011091677e+03
7.060000000000000000e+02,2.829672426293746412e+03
7.070000000000000000e+02,2.610285260005332020e+03
7.080000000000000000e+02,2.513568985942825293e+03
7.090000000000000000e+02,2.242692152151601931e+03
7.100000000000000000e+02,2.256547275709856876e+03
7.110000000000000000e+02,1.956223205320992520e+03
7.120000000000000000e+02,2.045786223113439519e+03
7.130000000000000000e+02,2.348932219587227337e+03
7.140000000000000000e+02,2.876230792931339693e+03
7.150000000000000000e+02,2.547605095784868809e+03
7.160000000000000000e+02,2.327641023353519358e+03
7.170000000000000000e+02,2.105783302186433502e+03
7.180000000000000000e+02,2.617485402567001984e+03
7.190000000000000000e+02,2.654316038751868746e+03
7.200000000000000000e+02,2.798160198755615511e+03
7.210000000000000000e+02,2.442078876106671942e+03
7.220000000000000000e+02,2.817402069521614521e+03
7.230000000000000000e+02,2.565514451585010193e+03
7.240000000000000000e+02,2.151074959331027458e+03
7.250000000000000000e+02,2.116787330829284201e+03
7.260000000000000000e+02,2.177123882248999507e+03
7.270000000000000000e+02,2.388669872042067254e+03
7.280000000000000000e+02,2.368514676517387215e+03
7.290000000000000000e+02,2.016641925384703427e+03
7.300000000000000000e+02,2.069149365567831865e+03
7.310000000000000000e+02,2.424101590398603093e+03
7.320000000000000000e+02,2.584800954999034730e+03
7.330000000000000000e+02,2.213450094116850323e+03
7.340000000000000000e+02,2.363800259117713267e+03
7.350000000000000000e+02,2.313820327963858745e+03
7.360000000000000000e+02,1.898301524837707120e+03
7.370000000000000000e+02,1.407256841923358934e+03
7.380000000000000000e+02,1.675706730419488622e+03
7.390000000000000000e+02,1.879315149874491226e+03
7.400000000000000000e+02,2.303076536954207768e+03
7.410000000000000000e+02,2.653542802544239748e+03
7.420000000000000000e+02,2.560919293281513092e+03
7.430000000000000000e+02,2.169722474802561464e+03
7.440000000000000000e+02,2.265358649716650689e+03
7.450000000000000000e+02,2.501453725727181336e+03
7.460000000000000000e+02,2.778750189965932350e+03
7.470000000000000000e+02,2.469346506953699645e+03
7.480000000000000000e+02,2.189900566745050583e+03
7.490000000000000000e+02,2.120592327318727257e+03
7.500000000000000000e+02,2.505495254078923153e+03
7.510000000000000000e+02,2.684188364092363827e+03
7.520000000000000000e+02,2.873436045604362789e+03
7.530000000000000000e+02,3.071900871746052871e+03
7.540000000000000000e+02,2.946786379851980200e+03
7.550000000000000000e+02,2.546542115722057133e+03
7.560000000000000000e+02,2.653072580671184824e+03
7.570000000000000000e+02,3.021192318669806809e+03
7.580000000000000000e+02,2.862136886683664216e+03
7.590000000000000000e+02,2.628054107735340494e+03
7.600000000000000000e+02,3.182290992769553668e+03
7.610000000000000000e+02,2.978527661296247061e+03
7.620000000000000000e+02,3.046101436441549595e+03
7.630000000000000000e+02,3.158305739233438544e+03
7.640000000000000000e+02,3.679294793623022997e+03
7.650000000000000000e+02,3.133500664001075165e+03
7.660000000000000000e+02,3.209866763089982214e+03
7.670000000000000000e+02,2.768676676418031093e+03
7.680000000000000000e+02,2.503698765133530742e+03
7.690000000000000000e+02,2.811952917343048284e+03
7.700000000000000000e+02,2.935787817307155365e+03
7.710000000000000000e+02,2.477794203414361618e+03
7.720000000000000000e+02,2.359850512907241409e+03
7.730000000000000000e+02,2.456026500734332785e+03
7.740000000000000000e+02,2.804177866680085117e+03
7.750000000000000000e+02,2.716393424327369303e+03
7.760000000000000000e+02,2.811429859781385403e+03
7.770000000000000000e+02,2.630126077588504813e+03
7.780000000000000000e+02,2.952761616268122907e+03
7.790000000000000000e+02,2.843270990703548705e+03
7.800000000000000000e+02,2.717455897313428977e+03
7.810000000000000000e+02,2.272375054748665207e+03
7.820000000000000000e+02,2.450283753210505438e+03
7.830000000000000000e+02,2.885327582314499978e+03
7.840000000000000000e+02,3.193546413962033512e+03
7.850000000000000000e+02,2.858248632697608627e+03
7.860000000000000000e+02,2.649513793622886169e+03
7.870000000000000000e+02,2.596547868393452973e+03
7.880000000000000000e+02,2.395774900116241952e+03
7.890000000000000000e+02,2.520100882851983442e+03
7.900000000000000000e+02,2.545367215533849503e+03
7.910000000000000000e+02,2.220882339884840803e+03
7.920000000000000000e+02,2.187896378808891768e+03
7.930000000000000000e+02,1.913367148986611255e+03
7.940000000000000000e+02,2.082256575909756066e+03
7.950000000000000000e+02,2.627437777665561043e+03
7.960000000000000000e+02,3.349714268669357352e+03
7.970000000000000000e+02,3.592072499367013279e+03
7.980000000000000000e+02,4.089468750951557467e+03
7.990000000000000000e+02,3.863082321156537091e+03
8.000000000000000000e+02,3.894556604076156418e+03
8.010000000000000000e+02,3.994486870670472854e+03
8.020000000000000000e+02,4.030206955975550500e+03
8.030000000000000000e+02,3.718226859888251965e+03
8.040000000000000000e+02,4.016080134015608110e+03
8.050000000000000000e+02,4.048520712006741178e+03
8.060000000000000000e+02,3.997449714156262871e+03
8.070000000000000000e+02,3.815978668688437210e+03
8.080000000000000000e+02,3.754569002892539629e+03
8.090000000000000000e+02,3.121329263853497650e+03
8.100000000000000000e+02,2.711017183212633881e+03
8.110000000000000000e+02,2.568434133687424037e+03
8.120000000000000000e+02,4.265452733728582643e+03
8.130000000000000000e+02,2.471117320460474275e+03
8.140000000000000000e+02,2.213795438681328505e+03
8.150000000000000000e+02,2.881741611419990022e+03
8.160000000000000000e+02,3.059476021003482856e+03
8.170000000000000000e+02,2.762119578173149876e+03
8.180000000000000000e+02,2.386856307894409383e+03
8.190000000000000000e+02,2.737750151466060288e+03
8.200000000000000000e+02,3.124817268877953211e+03
8.210000000000000000e+02,2.724658806306688348e+03
8.220000000000000000e+02,2.738587400282101498e+03
8.230000000000000000e+02,3.078330868742706116e+03
8.240000000000000000e+02,3.223032558393797444e+03
8.250000000000000000e+02,2.299596308304411195e+03
8.260000000000000000e+02,2.373891771574046288e+03
8.270000000000000000e+02,2.627645695924263237e+03
8.280000000000000000e+02,3.130686219342996992e+03
8.290000000000000000e+02,3.232387053577761435e+03
8.300000000000000000e+02,3.569868232594888923e+03
8.310000000000000000e+02,3.154924734282579720e+03
8.320000000000000000e+02,3.153111403017293469e+03
8.330000000000000000e+02,4.107025304121763838e+03
8.340000000000000000e+02,5.189394577926542297e+03
8.350000000000000000e+02,5.604478811365693218e+03
8.360000000000000000e+02,7.181547670665877376e+03
8.370000000000000000e+02,8.331744873951622139e+03
8.380000000000000000e+02,1.011979519481194984e+04
8.390000000000000000e+02,1.111374936160649122e+04
8.400000000000000000e+02,1.268400211538107578e+04
8.410000000000000000e+02,1.322258365715111722e+04
8.420000000000000000e+02,1.531297434053316647e+04
8.430000000000000000e+02,1.781797175222859732e+04
8.440000000000000000e+02,2.012392477024539403e+04
8.450000000000000000e+02,2.315320728659078304e+04
8.460000000000000000e+02,2.740045142127136205e+04
8.470000000000000000e+02,2.650581573589212712e+04
8.480000000000000000e+02,2.632034111949842918e+04
8.490000000000000000e+02,2.272070422905970554e+04
8.500000000000000000e+02,2.117530721669924242e+04
8.510000000000000000e+02,1.815965332591787228e+04
8.520000000000000000e+02,1.627875491655897713e+04
8.530000000000000000e+02,1.292366998746353602e+04
8.540000000000000000e+02,9.504127213930240032e+03
8.550000000000000000e+02,6.419644092545631793e+03
8.560000000000000000e+02,3.591285169160717942e+03
8.570000000000000000e+02,3.321471268620759474e+03
8.580000000000000000e+02,2.858710733205837641e+03
8.590000000000000000e+02,2.996593645395686508e+03
8.600000000000000000e+02,3.584603131058281633e+03
8.610000000000000000e+02,3.497592971522338757e+03
8.620000000000000000e+02,3.171413438062897058e+03
8.630000000000000000e+02,2.540300249764581622e+03
8.640000000000000000e+02,2.953897011321073933e+03
8.650000000000000000e+02,3.589208451885803242e+03
8.660000000000000000e+02,3.765261284276687547e+03
8.670000000000000000e+02,3.537436554462653476e+03
8.680000000000000000e+02,3.044236072636104382e+03
8.690000000000000000e+02,3.020611008779751955e+03
8.700000000000000000e+02,3.355340526537141614e+03
8.710000000000000000e+02,3.647078839674872597e+03
8.720000000000000000e+02,3.829885312545046418e+03
8.730000000000000000e+02,3.690139463284759131e+03
8.740000000000000000e+02,3.781097178047660236e+03
8.750000000000000000e+02,3.487735643797816010e+03
8.760000000000000000e+02,3.729273770631468324e+03
8.770000000000000000e+02,3.752049429866844548e+03
8.780000000000000000e+02,4.187138899826691159e+03
8.790000000000000000e+02,4.385680716106921864e+03
8.800000000000000000e+02,5.243373948072200619e+03
8.810000000000000000e+02,5.641314514803571910e+03
8.820000000000000000e+02,6.686997008989643291e+03
8.830000000000000000e+02,8.178377710541861234e+03
8.840000000000000000e+02,9.555494838146594702e+03
8.850000000000000000e+02,1.048115041797289450e+04
8.860000000000000000e+02,1.266498402507235005e+04
8.870000000000000000e+02,1.466516364099340171e+04
8.880000000000000000e+02,1.768553045047945125e+04
8.890000000000000000e+02,2.043416534954376039e+04
8.900000000000000000e+02,2.443738361556632299e+04
8.910000000000000000e+02,2.606152106435800306e+04
8.920000000000000000e+02,2.746102218497398280e+04
8.930000000000000000e+02,2.577927978297214213e+04
8.940000000000000000e+02,2.575252368726765053e+04
8.950000000000000000e+02,2.195558419862416122e+04
8.960000000000000000e+02,1.998453470928251772e+04
8.970000000000000000e+02,1.671286333259833191e+04
8.980000000000000000e+02,1.360987359177200779e+04
8.990000000000000000e+02,9.279836370237642768e+03
9.000000000000000000e+02,5.419807483145195874e+03
9.010000000000000000e+02,5.129864346961773663e+03
9.020000000000000000e+02,4.499789443423809644e+03
9.030000000000000000e+02,3.988399554246558182e+03
9.040000000000000000e+02,3.983802716729938311e+03
9.050000000000000000e+02,4.195584353564305275e+03
9.060000000000000000e+02,3.244454047983771488e+03
9.070000000000000000e+02,3.108756117605401869e+03
9.080000000000000000e+02,3.290205985180460630e+03
9.090000000000000000e+02,2.954286170605369080e+03
9.100000000000000000e+02,3.066127667049377578e+03
9.110000000000000000e+02,3.154270237497899871e+03
9.120000000000000000e+02,3.413173975513871483e+03
9.130000000000000000e+02,3.587820287658912093e+03
9.140000000000000000e+02,3.419973663558269436e+03
9.150000000000000000e+02,3.168681334933402468e+03
9.160000000000000000e+02,3.268083492581202790e+03
9.170000000000000000e+02,2.936759344729379791e+03
9.180000000000000000e+02,2.869093791344885631e+03
9.190000000000000000e+02,2.854714789228621612e+03
9.200000000000000000e+02,2.726807271055420188e+03
9.210000000000000000e+02,2.998828539915982674e+03
9.220000000000000000e+02,3.422948795358865937e+03
9.230000000000000000e+02,3.062993313659681007e+03
9.240000000000000000e+02,3.243594820970411547e+03
9.250000000000000000e+02,3.782710160800428184e+03
9.260000000000000000e+02,4.612211042049291791e+03
9.270000000000000000e+02,4.377555515718003335e+03
9.280000000000000000e+02,3.944711190723975051e+03
9.290000000000000000e+02,3.766247323203315318e+03
9.300000000000000000e+02,4.127695137703185537e+03
9.310000000000000000e+02,3.629419514019784401e+03
9.320000000000000000e+02,3.606065189110987831e+03
9.330000000000000000e+02,4.092979827351018230e+03
9.340000000000000000e+02,4.964382404650359604e+03
9.350000000000000000e+02,4.381036389669474374e+03
9.360000000000000000e+02,4.313186686918893429e+03
9.370000000000000000e+02,4.137501875030727206e+03
9.380000000000000000e+02,4.152990940080403561e+03
9.390000000000000000e+02,3.834746153790892095e+03
9.400000000000000000e+02,3.774683649201308071e+03
9.410000000000000000e+02,3.624804476946780142e+03
9.420000000000000000e+02,3.787725143869689873e+03
9.430000000000000000e+02,3.627429758746409789e+03
9.440000000000000000e+02,3.840666742084623820e+03
9.450000000000000000e+02,3.328347844821634226e+03
9.460000000000000000e+02,3.544184148856425054e+03
9.470000000000000000e+02,4.433827887865653793e+03
9.480000000000000000e+02,4.838976345549752295e+03
9.490000000000000000e+02,5.035032143775912118e+03
9.500000000000000000e+02,5.603694550017231450e+03
9.510000000000000000e+02,6.907109625251497164e+03
9.520000000000000000e+02,8.408476532992575812e+03
9.530000000000000000e+02,9.681488562053353235e+03
9.540000000000000000e+02,1.112200146001352005e+04
9.550000000000000000e+02,1.250294502238692257e+04
9.560000000000000000e+02,1.518515439972837157e+04
9.570000000000000000e+02,1.819220183021699995e+04
9.580000000000000000e+02,2.248443963287430597e+04
9.590000000000000000e+02,2.719888704178870830e+04
9.600000000000000000e+02,3.346462614790568477e+04
9.610000000000000000e+02,3.456133259296941833e+04
9.620000000000000000e+02,3.667602105171708536e+04
9.630000000000000000e+02,3.389569886033023795e+04
9.640000000000000000e+02,3.281397732581910532e+04
9.650000000000000000e+02,3.019485843932286298e+04
9.660000000000000000e+02,2.989382838482485749e+04
9.670000000000000000e+02,2.569996781142676264e+04
9.680000000000000000e+02,2.190650989854419095e+04
9.690000000000000000e+02,1.781524930095360833e+04
9.700000000000000000e+02,1.517191433889655673e+04
9.710000000000000000e+02,1.536504885803680008e+04
9.720000000000000000e+02,1.558689104649799810e+04
9.730000000000000000e+02,1.586709152327477204e+04
9.740000000000000000e+02,1.732726420884332765e+04
9.750000000000000000e+02,1.616844350833575481e+04
9.760000000000000000e+02,1.642832392974042887e+04
9.770000000000000000e+02,1.579987722185699749e+04
9.780000000000000000e+02,1.636112302658144654e+04
9.790000000000000000e+02,1.695682782933492126e+04
9.800000000000000000e+02,1.848227875668901106e+04
9.810000000000000000e+02,1.900019551814283477e+04
9.820000000000000000e+02,2.126369681541537648e+04
9.830000000000000000e+02,2.289746082971927535e+04
9.840000000000000000e+02,2.584639896178507115e+04
9.850000000000000000e+02,2.691257355187385474e+04
9.860000000000000000e+02,3.048197913842451089e+04
9.870000000000000000e+02,3.214023830650167656e+04
9.880000000000000000e+02,3.573333963597034017e+04
9.890000000000000000e+02,3.728201163398773497e+04
9.900000000000000000e+02,4.223412289403014438e+04
9.910000000000000000e+02,4.431129408143823821e+04
9.920000000000000000e+02,4.891755641273968649e+04
9.930000000000000000e+02,4.994167881663580920e+04
9.940000000000000000e+02,5.620717666490552074e+04
9.950000000000000000e+02,6.083296435717449640e+04
9.960000000000000000e+02,7.108176437723546405e+04
9.970000000000000000e+02,7.775625765101160505e+04
9.980000000000000000e+02,9.154795929932864965e+04
9.990000000000000000e+02,1.019391534753304149e+05
1.000000000000000000e+03,1.192885736966401018e+05
1.001000000000000000e+03,1.318924961517396732e+05
1.002000000000000000e+03,1.586583678567027673e+05
1.003000000000000000e+03,2.050027212273381301e+05
1.004000000000000000e+03,2.789514769607171183e+05
1.005000000000000000e+03,3.905979819376447704e+05
1.006000000000000000e+03,5.441439628300043987e+05
1.007000000000000000e+03,7.512757828787859762e+05
1.008000000000000000e+03,1.022956423792931717e+06
1.009000000000000000e+03,1.248706556520008016e+06
1.010000000000000000e+03,1.572645792447758606e+06
1.011000000000000000e+03,1.736584715056326240e+06
1.012000000000000000e+03,2.013123169817470480e+06
1.013000000000000000e+03,2.059784674143099925e+06
1.014000000000000000e+03,2.226471193304004148e+06
1.015000000000000000e+03,2.161765955915815663e+06
1.016000000000000000e+03,2.186606704558650497e+06
1.017000000000000000e+03,1.896668615105267847e+06
1.018000000000000000e+03,1.691265155680272263e+06
1.019000000000000000e+03,1.287409008426837623e+06
1.020000000000000000e+03,9.581260565731414827e+05
1.021000000000000000e+03,6.752709274861341109e+05
1.022000000000000000e+03,4.541712310499860323e+05
1.023000000000000000e+03,3.407028898934798199e+05
1.024000000000000000e+03,2.501852512460062280e+05
1.025000000000000000e+03,1.692626450141383975e+05
1.026000000000000000e+03,8.069652503404706658e+04
1.027000000000000000e+03,4.674124682980442594e+04
1.028000000000000000e+03,3.371095062384848279e+04
1.029000000000000000e+03,2.835713439329714311e+04
1.030000000000000000e+03,2.584078487942286665e+04
1.031000000000000000e+03,2.249664631823373202e+04
1.032000000000000000e+03,2.157620700209934148e+04
1.033000000000000000e+03,1.945371558880628436e+04
1.034000000000000000e+03,1.853282851178801502e+04
1.035000000000000000e+03,1.766219561740177232e+04
1.036000000000000000e+03,1.774900194866301899e+04
1.037000000000000000e+03,1.616385756397455953e+04
1.038000000000000000e+03,1.554753558787011207e+04
1.039000000000000000e+03,1.478136253783510801e+04
1.040000000000000000e+03,1.464927999643725889e+04
1.041000000000000000e+03,1.374372050069906982e+04
1.042000000000000000e+03,1.394522485849378427e+04
1.043000000000000000e+03,1.390903741082989836e+04
1.044000000000000000e+03,1.396736288024251553e+04
1.045000000000000000e+03,1.384022907613932875e+04
1.046000000000000000e+03,1.450106039398252142e+04
1.047000000000000000e+03,1.448025129682937768e+04
1.048000000000000000e+03,1.589114147377666995e+04
1.049000000000000000e+03,1.625012964604198532e+04
1.050000000000000000e+03,1.844889838355931715e+04
1.051000000000000000e+03,2.083671843129783520e+04
1.052000000000000000e+03,2.386907838773714320e+04
1.053000000000000000e+03,2.668454627438660464e+04
1.054000000000000000e+03,2.953682367401279407e+04
1.055000000000000000e+03,2.933885209618908266e+04
1.056000000000000000e+03,3.015830252177534567e+04
1.057000000000000000e+03,2.732377163561759880e+04
1.058000000000000000e+03,2.640964410574813883e+04
1.059000000000000000e+03,2.404887780700200892e+04
1.060000000000000000e+03,2.243009168200452768e+04
1.061000000000000000e+03,1.900291191286722460e+04
1.062000000000000000e+03,1.572816824496934714e+04
1.063000000000000000e+03,1.552263627159215866e+04
1.064000000000000000e+03,1.792416921291734980e+04
1.065000000000000000e+03,2.485305437250566683e+04
1.066000000000000000e+03,3.566582499249692773e+04
1.067000000000000000e+03,5.479191416682592535e+04
1.068000000000000000e+03,8.004462849545538484e+04
1.069000000000000000e+03,1.090369700923391065e+05
1.070000000000000000e+03,1.456717561808479368e+05
1.071000000000000000e+03,1.814129546670734999e+05
1.072000000000000000e+03,2.258096864627512696e+05
1.073000000000000000e+03,2.510362075752689270e+05
1.074000000000000000e+03,2.814744382644043071e+05
1.075000000000000000e+03,2.792401908625468495e+05
1.076000000000000000e+03,2.838612261214519385e+05
1.077000000000000000e+03,2.477355793439870758e+05
1.078000000000000000e+03,2.213701882322918391e+05
1.079000000000000000e+03,1.766504502446538536e+05
1.080000000000000000e+03,1.361043589169622574e+05
1.081000000000000000e+03,1.113119590821075981e+05
1.082000000000000000e+03,9.031661793874626164e+04
1.083000000000000000e+03,7.494216004711762071e+04
1.084000000000000000e+03,4.464585017053578486e+04
1.085000000000000000e+03,2.553725875039455059e+04
1.086000000000000000e+03,9.749597112748051586e+03
1.087000000000000000e+03,5.970690052209463829e+03
1.088000000000000000e+03,4.941032252907190014e+03
1.089000000000000000e+03,4.644217797106236503e+03
1.090000000000000000e+03,4.382883012222769139e+03
1.091000000000000000e+03,3.996500451755990525e+03
1.092000000000000000e+03,3.774609571418740416e+03
1.093000000000000000e+03,3.513208960126709826e+03
1.094000000000000000e+03,3.682436037335744459e+03
1.095000000000000000e+03,3.765114878392746050e+03
1.096000000000000000e+03,4.088017059971182789e+03
1.097000000000000000e+03,4.070519742291603052e+03
1.098000000000000000e+03,4.734479346912622532e+03
1.099000000000000000e+03,4.757880449570793644e+03
1.100000000000000000e+03,4.800762165896573606e+03
1.101000000000000000e+03,5.047394148772461449e+03
1.102000000000000000e+03,5.284640718909598036e+03
1.103000000000000000e+03,4.447708789809183145e+03
1.104000000000000000e+03,3.749303062777708419e+03
1.105000000000000000e+03,4.112597123615245437e+03
1.106000000000000000e+03,4.328982954582729690e+03
1.107000000000000000e+03,3.719198079714452888e+03
1.108000000000000000e+03,3.637293771147174084e+03
1.109000000000000000e+03,3.181561475473315568e+03
1.110000000000000000e+03,3.290456037270783781e+03
1.111000000000000000e+03,3.296006381797934409e+03
1.112000000000000000e+03,4.032858334069234843e+03
1.113000000000000000e+03,4.100566212983649166e+03
1.114000000000000000e+03,4.644250513034220603e+03
1.115000000000000000e+03,5.353070245715834062e+03
1.116000000000000000e+03,6.879097505978720619e+03
1.117000000000000000e+03,8.948832846140248876e+03
1.118000000000000000e+03,1.085867296194642768e+04
1.119000000000000000e+03,1.497319861161199151e+04
1.120000000000000000e+03,2.189083514833115260e+04
1.121000000000000000e+03,3.033145713491171045e+04
1.122000000000000000e+03,3.670250427229188062e+04
1.123000000000000000e+03,3.615979071759724320e+04
1.124000000000000000e+03,3.756195811108353519e+04
1.125000000000000000e+03,3.463900688769072440e+04
1.126000000000000000e+03,3.264933120177867022e+04
1.127000000000000000e+03,2.910317412517574485e+04
1.128000000000000000e+03,2.573158716949823065e+04
1.129000000000000000e+03,1.906269519270413366e+04
1.130000000000000000e+03,1.163779075786369685e+04
1.131000000000000000e+03,6.592950600580084028e+03
1.132000000000000000e+03,2.751728683006298070e+03
1.133000000000000000e+03,2.166221233744105575e+03
1.134000000000000000e+03,2.366248185998161262e+03
1.135000000000000000e+03,2.116044641185841556e+03
1.136000000000000000e+03,1.709542179429751513e+03
1.137000000000000000e+03,1.954007307282513239e+03
1.138000000000000000e+03,2.117125859674475578e+03
1.139000000000000000e+03,1.712819294702785328e+03
1.140000000000000000e+03,1.217963258418495798e+03
1.141000000000000000e+03,1.475878460350748355e+03
1.142000000000000000e+03,1.876649465738071740e+03
1.143000000000000000e+03,1.695713230038017855e+03
1.144000000000000000e+03,1.519152790022080353e+03
1.145000000000000000e+03,1.782154468871437530e+03
1.146000000000000000e+03,2.046821668752555979e+03
1.147000000000000000e+03,2.085426180618284434e+03
1.148000000000000000e+03,2.172767694210202990e+03
1.149000000000000000e+03,1.589274237634651854e+03
1.150000000000000000e+03,1.510334174495030084e+03
1.151000000000000000e+03,2.054146359979543377e+03
1.152000000000000000e+03,2.440062441113959721e+03
1.153000000000000000e+03,2.352150918224637280e+03
1.154000000000000000e+03,2.116841981635001957e+03
1.155000000000000000e+03,2.207275001558358326e+03
1.156000000000000000e+03,2.339362924065978405e+03
1.157000000000000000e+03,2.005186444843405070e+03
1.158000000000000000e+03,2.334055586121682609e+03
1.159000000000000000e+03,2.436301439343427774e+03
1.160000000000000000e+03,2.659757802400858054e+03
1.161000000000000000e+03,2.789203312160896076e+03
1.162000000000000000e+03,2.681105073029066716e+03
1.163000000000000000e+03,2.529835323587472431e+03
1.164000000000000000e+03,2.568756494822945115e+03
1.165000000000000000e+03,2.211227353873210177e+03
1.166000000000000000e+03,2.113918679483036613e+03
1.167000000000000000e+03,2.098453643731472312e+03
1.168000000000000000e+03,1.772058334476102345e+03
1.169000000000000000e+03,1.675595113283077126e+03
1.170000000000000000e+03,1.595355059886707068e+03
1.171000000000000000e+03,2.018521964330243691e+03
1.172000000000000000e+03,2.597762695921575414e+03
1.173000000000000000e+03,2.707186968370649993e+03
1.174000000000000000e+03,2.148381660287975137e+03
1.175000000000000000e+03,1.961497209605103535e+03
1.176000000000000000e+03,2.023945040469121750e+03
1.177000000000000000e+03,2.213728585652690526e+03
1.178000000000000000e+03,1.878825062571810804e+03
1.179000000000000000e+03,6.343662696170506024e+03
1.180000000000000000e+03,1.120448671279874543e+04
1.181000000000000000e+03,6.502365382112419866e+03
1.182000000000000000e+03,2.716415921824320321e+03
1.183000000000000000e+03,2.754480563383891422e+03
1.184000000000000000e+03,2.575664942309358594e+03
1.185000000000000000e+03,2.640570312586094587e+03
1.186000000000000000e+03,2.790893131620330678e+03
1.187000000000000000e+03,3.309773150450999310e+03
1.188000000000000000e+03,4.516321718207025697e+03
1.189000000000000000e+03,5.331797968774009860e+03
1.190000000000000000e+03,6.421733624442706059e+03
1.191000000000000000e+03,9.706907875847666219e+03
1.192000000000000000e+03,1.378225886613946204e+04
1.193000000000000000e+03,2.028281979590316041e+04
1.194000000000000000e+03,2.769771349163903142e+04
1.195000000000000000e+03,3.655081100290622271e+04
1.196000000000000000e+03,4.329702413336678728e+04
1.197000000000000000e+03,4.353450467405209201e+04
1.198000000000000000e+03,4.530360415779807954e+04
1.199000000000000000e+03,4.108494978029304184e+04
1.200000000000000000e+03,3.768745309716266638e+04
1.201000000000000000e+03,3.342630661442614655e+04
1.202000000000000000e+03,2.939744181156026752e+04
1.203000000000000000e+03,2.151086347182831014e+04
1.204000000000000000e+03,1.112952835671506364e+04
1.205000000000000000e+03,6.441439156379736232e+03
1.206000000000000000e+03,2.997691832797864663e+03
1.207000000000000000e+03,2.351269532297726983e+03
1.208000000000000000e+03,1.314238225813754752e+03
1.209000000000000000e+03,1.310915860310693915e+03
1.210000000000000000e+03,1.553337344287700262e+03
1.211000000000000000e+03,1.728270157841269565e+03
1.212000000000000000e+03,1.802487648043913623e+03
1.213000000000000000e+03,1.263058423382693263e+03
1.214000000000000000e+03,1.486374355733613811e+03
1.215000000000000000e+03,1.670156662123938759e+03
1.216000000000000000e+03,1.680048230581040343e+03
1.217000000000000000e+03,1.861196396075033135e+03
1.218000000000000000e+03,1.973800678615705465e+03
1.219000000000000000e+03,2.176926289736523358e+03
1.220000000000000000e+03,2.250644190795204395e+03
1.221000000000000000e+03,2.503267852522151315e+03
1.222000000000000000e+03,2.705668308128740591e+03
1.223000000000000000e+03,2.352985302163584038e+03
1.224000000000000000e+03,2.524160157929668912e+03
1.225000000000000000e+03,2.349903016911305713e+03
1.226000000000000000e+03,2.330339568549476098e+03
1.227000000000000000e+03,1.642397651655039681e+03
1.228000000000000000e+03,1.688648232330921473e+03
1.229000000000000000e+03,1.819937684320724429e+03
1.230000000000000000e+03,2.118999850790989058e+03
1.231000000000000000e+03,2.382986346519970994e+03
1.232000000000000000e+03,2.583458425056895067e+03
1.233000000000000000e+03,2.111461304928540358e+03
1.234000000000000000e+03,2.418451386386168906e+03
1.235000000000000000e+03,2.509696152655367769e+03
1.236000000000000000e+03,2.302229795233750792e+03
1.237000000000000000e+03,2.248499476700335435e+03
1.238000000000000000e+03,2.620984805650699855e+03
1.239000000000000000e+03,2.712264937620244382e+03
1.240000000000000000e+03,2.662781268606380763e+03
1.241000000000000000e+03,2.610727477510073641e+03
1.242000000000000000e+03,3.241364582539169078e+03
1.243000000000000000e+03,3.299034404682894547e+03
1.244000000000000000e+03,3.607438727143562119e+03
1.245000000000000000e+03,3.479610076072142874e+03
1.246000000000000000e+03,3.863994539758687097e+03
1.247000000000000000e+03,3.872256543162975049e+03
1.248000000000000000e+03,3.655725627198748043e+03
1.249000000000000000e+03,3.495022047573423151e+03
1.250000000000000000e+03,3.925628064136455578e+03
1.251000000000000000e+03,4.377142790930656702e+03
1.252000000000000000e+03,5.520050246611561306e+03
1.253000000000000000e+03,6.416705044049968819e+03
1.254000000000000000e+03,8.514963219577981363e+03
1.255000000000000000e+03,1.084906605381720146e+04
1.256000000000000000e+03,1.542832360389985843e+04
1.257000000000000000e+03,2.281131352471718856e+04
1.258000000000000000e+03,3.260637428621212894e+04
1.259000000000000000e+03,4.640428328956778569e+04
1.260000000000000000e+03,5.872385226404989226e+04
1.261000000000000000e+03,6.259431178918162914e+04
1.262000000000000000e+03,6.780344374019179668e+04
1.263000000000000000e+03,6.423223051950623631e+04
1.264000000000000000e+03,6.255992494974860165e+04
1.265000000000000000e+03,5.533951243486950261e+04
1.266000000000000000e+03,5.009629249573469133e+04
1.267000000000000000e+03,4.230488038278619206e+04
1.268000000000000000e+03,3.348768585896358854e+04
1.269000000000000000e+03,2.186310312076229820e+04
1.270000000000000000e+03,7.872752285749510520e+03
1.271000000000000000e+03,4.230594142552236008e+03
1.272000000000000000e+03,2.438068253772621574e+03
1.273000000000000000e+03,1.535999678220306350e+03
1.274000000000000000e+03,1.691043023283822549e+03
1.275000000000000000e+03,2.001481876146876402e+03
1.276000000000000000e+03,2.118087486399841509e+03
1.277000000000000000e+03,1.793038732787242679e+03
1.278000000000000000e+03,2.316161895093400744e+03
1.279000000000000000e+03,2.498966875599592186e+03
1.280000000000000000e+03,2.417960500738162864e+03
1.281000000000000000e+03,1.917635240125571499e+03
1.282000000000000000e+03,2.118827390303079937e+03
1.283000000000000000e+03,1.744967924809424630e+03
1.284000000000000000e+03,1.798386481120661983e+03
1.285000000000000000e+03,7.285085385620133820e+03
1.286000000000000000e+03,1.293755115655841655e+04
1.287000000000000000e+03,7.695550185318397780e+03
1.288000000000000000e+03,2.508869621063317027e+03
1.289000000000000000e+03,2.085964113136488777e+03
1.290000000000000000e+03,2.265157906724232362e+03
1.291000000000000000e+03,2.765685284284558293e+03
1.292000000000000000e+03,2.587258118796316012e+03
1.293000000000000000e+03,2.272947021558600227e+03
1.294000000000000000e+03,2.161762333297702753e+03
1.295000000000000000e+03,2.727282755886032191e+03
1.296000000000000000e+03,2.854025381891331563e+03
1.297000000000000000e+03,2.632450686083884648e+03
1.298000000000000000e+03,2.967487533331094255e+03
1.299000000000000000e+03,3.003341746838184918e+03
1.300000000000000000e+03,2.406134698890281925e+03
1.301000000000000000e+03,1.929452571506112690e+03
1.302000000000000000e+03,2.371900121105979451e+03
1.303000000000000000e+03,2.112529370787747666e+03
1.304000000000000000e+03,2.505393923840978459e+03
1.305000000000000000e+03,2.948189562581781502e+03
1.306000000000000000e+03,2.937373733549450662e+03
1.307000000000000000e+03,2.830942334535784539e+03
1.308000000000000000e+03,3.164647136407667404e+03
1.309000000000000000e+03,2.637035537505961656e+03
1.310000000000000000e+03,2.843164146163140231e+03
1.311000000000000000e+03,3.215968404685283076e+03
1.312000000000000000e+03,3.210253100698856088e+03
1.313000000000000000e+03,3.156959084196250387e+03
1.314000000000000000e+03,3.467307225370481319e+03
1.315000000000000000e+03,3.758941313400686795e+03
1.316000000000000000e+03,4.043616600486163406e+03
1.317000000000000000e+03,3.860099504485377565e+03
1.318000000000000000e+03,3.916197447134522463e+03
1.319000000000000000e+03,3.891017194574139921e+03
1.320000000000000000e+03,4.240730537856515184e+03
1.321000000000000000e+03,4.394192978659513756e+03
1.322000000000000000e+03,4.746797871768803816e+03
1.323000000000000000e+03,5.511789745124525325e+03
1.324000000000000000e+03,7.635816642993020650e+03
1.325000000000000000e+03,1.010534043194467449e+04
1.326000000000000000e+03,1.366971661720719385e+04
1.327000000000000000e+03,2.162416657486845725e+04
1.328000000000000000e+03,3.268674780019930768e+04
1.329000000000000000e+03,4.721605591598701722e+04
1.330000000000000000e+03,6.172786238177974883e+04
1.331000000000000000e+03,6.842465734500536928e+04
1.332000000000000000e+03,7.585383148783372599e+04
1.333000000000000000e+03,7.477612856585737609e+04
1.334000000000000000e+03,7.620295857193991833e+04
1.335000000000000000e+03,7.449438702688785270e+04
1.336000000000000000e+03,7.585726505064954108e+04
1.337000000000000000e+03,7.183759031258977484e+04
1.338000000000000000e+03,6.971765840241652040e+04
1.339000000000000000e+03,6.427089162577789102e+04
1.340000000000000000e+03,6.001671335165255005e+04
1.341000000000000000e+03,5.324227032243293797e+04
1.342000000000000000e+03,4.809184676173373009e+04
1.343000000000000000e+03,4.107987290649551869e+04
1.344000000000000000e+03,3.440552088703503978e+04
1.345000000000000000e+03,2.568770405160476366e+04
1.346000000000000000e+03,1.387795366543547971e+04
1.347000000000000000e+03,7.927133313303344949e+03
1.348000000000000000e+03,3.639203635030366513e+03
1.349000000000000000e+03,3.081561179115773029e+03
1.350000000000000000e+03,2.873684020293348112e+03
1.351000000000000000e+03,2.575727947285988193e+03
1.352000000000000000e+03,2.366885367431671057e+03
1.353000000000000000e+03,2.229026238815446959e+03
1.354000000000000000e+03,2.495199676662693037e+03
1.355000000000000000e+03,2.432585760567406396e+03
1.356000000000000000e+03,3.065270062614305971e+03
1.357000000000000000e+03,2.459417170791839453e+03
1.358000000000000000e+03,2.522282649163736096e+03
1.359000000000000000e+03,2.661072524053367033e+03
1.360000000000000000e+03,2.828448241356102699e+03
1.361000000000000000e+03,3.029839794299849927e+03
1.362000000000000000e+03,3.003301136950341061e+03
1.363000000000000000e+03,3.111887699263143986e+03
1.364000000000000000e+03,3.769370974660578213e+03
1.365000000000000000e+03,3.927568149173989696e+03
1.366000000000000000e+03,3.822192086147299051e+03
1.367000000000000000e+03,3.640727042685766264e+03
1.368000000000000000e+03,3.998845236172858677e+03
1.369000000000000000e+03,3.730063847053129848e+03
1.370000000000000000e+03,3.705798450733424488e+03
1.371000000000000000e+03,3.667689506527292451e+03
1.372000000000000000e+03,3.478454677229763092e+03
1.373000000000000000e+03,2.831331320455730292e+03
1.374000000000000000e+03,2.877668475907865741e+03
1.375000000000000000e+03,3.294469953248173169e+03
1.376000000000000000e+03,3.637378735294530998e+03
1.377000000000000000e+03,3.403454071716525505e+03
1.378000000000000000e+03,3.166203196877339906e+03
1.379000000000000000e+03,3.238242801326020981e+03
1.380000000000000000e+03,3.141315952901138644e+03
1.381000000000000000e+03,2.917086775408080030e+03
1.382000000000000000e+03,3.264266311893389229e+03
1.383000000000000000e+03,3.403043447939441648e+03
1.384000000000000000e+03,3.369123542506017657e+03
1.385000000000000000e+03,3.194453407639365196e+03
1.386000000000000000e+03,3.493802260680078234e+03
1.387000000000000000e+03,3.242772907272523753e+03
1.388000000000000000e+03,3.146246737404989290e+03
1.389000000000000000e+03,3.175174706967666680e+03
1.390000000000000000e+03,3.394600355170386592e+03
1.391000000000000000e+03,3.590295272122230926e+03
1.392000000000000000e+03,3.714366104363731665e+03
1.393000000000000000e+03,3.533059568096500698e+03
1.394000000000000000e+03,4.072115190088181862e+03
1.395000000000000000e+03,4.165344034587975329e+03
1.396000000000000000e+03,4.963214118837126989e+03
1.397000000000000000e+03,5.162376392734272486e+03
1.398000000000000000e+03,6.258063892815935105e+03
1.399000000000000000e+03,8.922039283880363655e+03
1.400000000000000000e+03,1.262209715491084717e+04
1.401000000000000000e+03,2.067187961980263208e+04
1.402000000000000000e+03,3.313223063331315643e+04
1.403000000000000000e+03,5.828771974710679933e+04
1.404000000000000000e+03,8.295488265759177739e+04
1.405000000000000000e+03,1.075194976115530153e+05
1.406000000000000000e+03,1.304734827834186144e+05
1.407000000000000000e+03,1.378125120473419374e+05
1.408000000000000000e+03,1.455600162611173582e+05
1.409000000000000000e+03,1.412237660613438347e+05
1.410000000000000000e+03,1.404546548961325316e+05
1.411000000000000000e+03,1.235001223438011220e+05
1.412000000000000000e+03,1.099066821120807726e+05
1.413000000000000000e+03,9.501212025129748508e+04
1.414000000000000000e+03,8.190603167349385330e+04
1.415000000000000000e+03,6.534878237836160406e+04
1.416000000000000000e+03,4.336508620678456646e+04
1.417000000000000000e+03,2.908999496829138661e+04
1.418000000000000000e+03,1.352716433995386069e+04
1.419000000000000000e+03,7.613952171141703730e+03
1.420000000000000000e+03,5.200128251360793001e+03
1.421000000000000000e+03,4.540372178824620278e+03
1.422000000000000000e+03,4.639336187096927461e+03
1.423000000000000000e+03,4.112634849781178673e+03
1.424000000000000000e+03,4.186333069489195623e+03
1.425000000000000000e+03,3.631796107804359053e+03
1.426000000000000000e+03,4.025734885212495101e+03
1.427000000000000000e+03,4.386978995445276269e+03
1.428000000000000000e+03,4.441132811692457835e+03
1.429000000000000000e+03,4.543221142678126853e+03
1.430000000000000000e+03,4.218200134794990845e+03
1.431000000000000000e+03,3.831923550620349943e+03
1.432000000000000000e+03,3.916299553753463897e+03
1.433000000000000000e+03,4.163827877998135591e+03
1.434000000000000000e+03,4.275508798607523204e+03
1.435000000000000000e+03,3.811883718060475985e+03
1.436000000000000000e+03,3.583033016566652350e+03
1.437000000000000000e+03,4.073031036563234920e+03
1.438000000000000000e+03,4.867496723741475762e+03
1.439000000000000000e+03,4.165658958550891839e+03
1.440000000000000000e+03,3.814832228244858925e+03
1.441000000000000000e+03,3.711528936496267306e+03
1.442000000000000000e+03,4.521697125484987737e+03
1.443000000000000000e+03,4.591630811020028887e+03
1.444000000000000000e+03,4.890371601431240379e+03
1.445000000000000000e+03,5.116259278592317060e+03
1.446000000000000000e+03,5.198933339674137642e+03
1.447000000000000000e+03,5.411231713473196578e+03
1.448000000000000000e+03,5.757048225451550934e+03
1.449000000000000000e+03,6.043469231901482090e+03
1.450000000000000000e+03,7.110698206718122492e+03
1.451000000000000000e+03,7.864515619701485775e+03
1.452000000000000000e+03,9.401772756307444070e+03
1.453000000000000000e+03,1.299603947424907892e+04
1.454000000000000000e+03,1.876925096393588683e+04
1.455000000000000000e+03,3.193917170301145597e+04
1.456000000000000000e+03,4.648405808544682077e+04
1.457000000000000000e+03,6.352882346185328061e+04
1.458000000000000000e+03,7.770099611377924157e+04
1.459000000000000000e+03,8.560460750876502425e+04
1.460000000000000000e+03,9.242495821935671847e+04
1.461000000000000000e+03,8.691800719487456081e+04
1.462000000000000000e+03,8.431365923019265756e+04
1.463000000000000000e+03,7.894129675856736139e+04
1.464000000000000000e+03,7.569451216693536844e+04
1.465000000000000000e+03,6.683812558083514159e+04
1.466000000000000000e+03,5.688076306409746758e+04
1.467000000000000000e+03,4.549774932024855661e+04
1.468000000000000000e+03,3.285707633064442052e+04
1.469000000000000000e+03,2.214797780454611711e+04
1.470000000000000000e+03,9.993716107489040951e+03
1.471000000000000000e+03,4.951389691095782837e+03
1.472000000000000000e+03,1.975260648482447095e+03
1.473000000000000000e+03,1.819727341517940204e+03
1.474000000000000000e+03,1.774748162886177170e+03
1.475000000000000000e+03,1.870831870065821704e+03
1.476000000000000000e+03,2.070311388087523483e+03
1.477000000000000000e+03,1.978209664569491224e+03
1.478000000000000000e+03,1.953684179344895028e+03
1.479000000000000000e+03,2.086373962892078907e+03
1.480000000000000000e+03,2.253519858167337588e+03
1.481000000000000000e+03,1.975505873808371234e+03
1.482000000000000000e+03,2.075299867433072450e+03
1.483000000000000000e+03,1.995437885527519938e+03
1.484000000000000000e+03,2.219652605172427229e+03
1.485000000000000000e+03,2.026899024894805279e+03
1.486000000000000000e+03,2.085508742693903059e+03
1.487000000000000000e+03,1.929002078846724771e+03
1.488000000000000000e+03,2.001084990019621955e+03
1.489000000000000000e+03,2.109023020774179713e+03
1.490000000000000000e+03,2.495856925022420000e+03
1.491000000000000000e+03,2.242347672671407508e+03
1.492000000000000000e+03,1.829055259595364987e+03
1.493000000000000000e+03,1.503612377950758173e+03
1.494000000000000000e+03,1.600429817454325530e+03
1.495000000000000000e+03,1.465219042916629633e+03
1.496000000000000000e+03,1.556712451875033821e+03
1.497000000000000000e+03,1.323886890747043026e+03
1.498000000000000000e+03,1.132996441666736018e+03
1.499000000000000000e+03,1.662534773663736132e+03
1.500000000000000000e+03,1.918498428308045504e+03
1.501000000000000000e+03,1.640315965041940672e+03
1.502000000000000000e+03,1.212423283430204719e+03
1.503000000000000000e+03,1.212676414197557506e+03
1.504000000000000000e+03,1.705947666654458772e+03
1.505000000000000000e+03,1.696981306518791143e+03
1.506000000000000000e+03,1.448202175316794637e+03
1.507000000000000000e+03,1.356626017207106770e+03
1.508000000000000000e+03,1.517672297701793468e+03
1.509000000000000000e+03,1.153963851196569522e+03
1.510000000000000000e+03,1.513808534684006418e+03
1.511000000000000000e+03,1.210275189444006855e+03
1.512000000000000000e+03,1.274648234079804297e+03
1.513000000000000000e+03,1.123809462405202567e+03
1.514000000000000000e+03,1.358245293627740239e+03
1.515000000000000000e+03,1.502016521156704812e+03
1.516000000000000000e+03,9.657654368382492294e+02
1.517000000000000000e+03,9.594142051480058626e+02
1.518000000000000000e+03,1.241211012100641710e+03
1.519000000000000000e+03,1.672010784066833821e+03
1.520000000000000000e+03,1.678371239698370346e+03
1.521000000000000000e+03,1.381159178813355538e+03
1.522000000000000000e+03,1.013501674100753121e+03
1.523000000000000000e+03,1.614471441610361126e+03
1.524000000000000000e+03,2.578210349569455047e+03
1.525000000000000000e+03,2.196402449795373741e+03
1.526000000000000000e+03,1.401653779153187543e+03
1.527000000000000000e+03,1.183892152608915012e+03
1.528000000000000000e+03,1.162344505527460115e+03
1.529000000000000000e+03,1.174167611160350134e+03
1.530000000000000000e+03,1.801868004831896997e+03
1.531000000000000000e+03,1.661578844962584981e+03
1.532000000000000000e+03,1.443763207690352601e+03
1.533000000000000000e+03,1.396930921730476939e+03
1.534000000000000000e+03,1.361955792108152536e+03
1.535000000000000000e+03,1.579400757204103002e+03
1.536000000000000000e+03,1.833435048229787753e+03
1.537000000000000000e+03,1.360622034767639434e+03
1.538000000000000000e+03,1.303172263361493833e+03
1.539000000000000000e+03,1.413775141881023046e+03
1.540000000000000000e+03,1.393033912279261358e+03
1.541000000000000000e+03,1.439931912175391290e+03
1.542000000000000000e+03,1.321302926440773035e+03
1.543000000000000000e+03,1.741879558303398426e+03
1.544000000000000000e+03,1.607271572026617150e+03
1.545000000000000000e+03,1.554645480761150566e+03
1.546000000000000000e+03,1.322015734627308120e+03
1.547000000000000000e+03,1.470722036655816055e+03
1.548000000000000000e+03,1.240804058897495452e+03
1.549000000000000000e+03,7.530780919582820161e+02
1.550000000000000000e+03,7.498468011206666688e+02
1.551000000000000000e+03,9.028355602925826133e+02
1.552000000000000000e+03,1.084810231757200199e+03
1.553000000000000000e+03,1.036914951850662874e+03
1.554000000000000000e+03,1.133659162390601068e+03
1.555000000000000000e+03,1.079811597189442864e+03
1.556000000000000000e+03,1.198268104982494606e+03
1.557000000000000000e+03,1.250103173407450413e+03
1.558000000000000000e+03,1.183931436595120886e+03
1.559000000000000000e+03,1.295861714441643471e+03
1.560000000000000000e+03,1.698660148987316916e+03
1.561000000000000000e+03,2.030223967658168931e+03
1.562000000000000000e+03,1.711214717295067203e+03
1.563000000000000000e+03,1.451217749483389298e+03
1.564000000000000000e+03,1.718563667128985799e+03
1.565000000000000000e+03,1.458068007049731705e+03
1.566000000000000000e+03,1.401544213392641723e+03
1.567000000000000000e+03,1.129214606969819442e+03
1.568000000000000000e+03,8.137894386516142049e+02
1.569000000000000000e+03,1.053329857350448719e+03
1.570000000000000000e+03,1.265988507797829925e+03
1.571000000000000000e+03,1.205652930071453511e+03
1.572000000000000000e+03,7.335190342999602535e+02
1.573000000000000000e+03,7.606732436097255459e+02
1.574000000000000000e+03,1.383362260310016381e+03
1.575000000000000000e+03,1.387290647698118846e+03
1.576000000000000000e+03,1.626185463099084927e+03
1.577000000000000000e+03,1.420843232325063809e+03
1.578000000000000000e+03,1.083103687735721223e+03
1.579000000000000000e+03,1.515242502585601869e+03
1.580000000000000000e+03,1.530990068070185544e+03
1.581000000000000000e+03,1.725319846009882895e+03
1.582000000000000000e+03,1.526687894184570268e+03
1.583000000000000000e+03,1.751581758651556584e+03
1.584000000000000000e+03,2.485714475137966019e+03
1.585000000000000000e+03,2.711154367214570357e+03
1.586000000000000000e+03,4.028282415583756119e+03
1.587000000000000000e+03,5.990804870847274287e+03
1.588000000000000000e+03,8.171084674882768013e+03
1.589000000000000000e+03,9.973736478372269630e+03
1.590000000000000000e+03,1.137785753252016184e+04
1.591000000000000000e+03,1.281195387080852925e+04
1.592000000000000000e+03,1.387568797398371316e+04
1.593000000000000000e+03,1.405593918243941334e+04
1.594000000000000000e+03,1.351910841414263996e+04
1.595000000000000000e+03,1.163558957344779083e+04
1.596000000000000000e+03,1.019946079792289675e+04
1.597000000000000000e+03,8.540549997968941170e+03
1.598000000000000000e+03,7.070136058431545280e+03
1.599000000000000000e+03,5.289998731428156134e+03
1.600000000000000000e+03,3.329989571666329084e+03
1.601000000000000000e+03,1.724728133763536789e+03
1.602000000000000000e+03,1.033508202119694488e+03
1.603000000000000000e+03,1.445414589206103983e+03
1.604000000000000000e+03,1.403465999972421741e+03
1.605000000000000000e+03,1.113977390871259104e+03
1.606000000000000000e+03,7.470603481434694686e+02
1.607000000000000000e+03,8.366654093642777070e+02
1.608000000000000000e+03,5.509920418778765452e+02
1.609000000000000000e+03,3.645450766720887827e+02
1.610000000000000000e+03,8.647566531455960330e+02
1.611000000000000000e+03,7.085629605730591720e+02
1.612000000000000000e+03,5.593508205539676510e+02
1.613000000000000000e+03,8.347147349150615128e+02
1.614000000000000000e+03,7.231500529759172196e+02
1.615000000000000000e+03,9.690630450172288874e+02
1.616000000000000000e+03,1.205948863587903588e+03
1.617000000000000000e+03,1.010874063843982526e+03
1.618000000000000000e+03,1.119337643827410375e+03
1.619000000000000000e+03,1.834111186335897855e+03
1.620000000000000000e+03,3.100243439050631878e+03
1.621000000000000000e+03,4.478233371786911448e+03
1.622000000000000000e+03,5.933243359077871901e+03
1.623000000000000000e+03,7.528850516300954951e+03
1.624000000000000000e+03,9.149023769521912982e+03
1.625000000000000000e+03,1.057965148682923609e+04
1.626000000000000000e+03,1.209632629354174060e+04
1.627000000000000000e+03,1.337343125497211804e+04
1.628000000000000000e+03,1.408407609077329289e+04
1.629000000000000000e+03,1.448366248120025739e+04
1.630000000000000000e+03,1.387753865711402796e+04
1.631000000000000000e+03,1.285612327275059215e+04
1.632000000000000000e+03,1.217100880852784940e+04
1.633000000000000000e+03,1.127163973186716066e+04
1.634000000000000000e+03,9.967101515948479573e+03
1.635000000000000000e+03,7.646207886748869896e+03
1.636000000000000000e+03,6.176867195332499250e+03
1.637000000000000000e+03,5.439152022965477045e+03
1.638000000000000000e+03,4.020936266227444321e+03
1.639000000000000000e+03,2.255823985229901155e+03
1.640000000000000000e+03,8.637477962810016834e+02
1.641000000000000000e+03,6.531387555401364580e+02
1.642000000000000000e+03,1.232327358912246837e+03
1.643000000000000000e+03,1.000608087164445465e+03
1.644000000000000000e+03,3.975609904404971644e+02
1.645000000000000000e+03,7.205938451677246803e+02
1.646000000000000000e+03,9.700591684973945803e+02
1.647000000000000000e+03,6.450127220272971726e+02
1.648000000000000000e+03,4.815099488337555158e+02
1.649000000000000000e+03,4.717554489934150297e+02
1.650000000000000000e+03,9.458554150420828819e+02
1.651000000000000000e+03,9.543831315338859440e+02
1.652000000000000000e+03,8.088294044525466688e+02
1.653000000000000000e+03,6.109665745038613522e+02
1.654000000000000000e+03,9.326356637030700085e+02
1.655000000000000000e+03,8.554951146386789560e+02
1.656000000000000000e+03,4.763747962191316105e+02
1.657000000000000000e+03,6.714969723951064680e+02
1.658000000000000000e+03,9.741593848618128959e+02
1.659000000000000000e+03,8.707519844286694024e+02
1.660000000000000000e+03,5.195669452751353674e+02
1.661000000000000000e+03,4.301181287294024287e+02
1.662000000000000000e+03,4.876179094042551014e+02
1.663000000000000000e+03,5.271031646248217157e+02
1.664000000000000000e+03,8.834978811445251949e+02
1.665000000000000000e+03,7.556365565394379473e+02
1.666000000000000000e+03,9.399461452642858603e+02
1.667000000000000000e+03,1.277992254381533940e+03
1.668000000000000000e+03,1.658795239628188256e+03
1.669000000000000000e+03,1.260695011117276408e+03
1.670000000000000000e+03,1.232838963604394621e+03
1.671000000000000000e+03,1.390197301273755329e+03
1.672000000000000000e+03,1.095057852270083004e+03
1.673000000000000000e+03,1.225697366095098914e+03
1.674000000000000000e+03,1.966036561187868983e+03
1.675000000000000000e+03,2.669007371122455879e+03
1.676000000000000000e+03,3.381970804258064618e+03
1.677000000000000000e+03,3.834233536482453474e+03
1.678000000000000000e+03,4.842483908418221290e+03
1.679000000000000000e+03,6.243014519484471748e+03
1.680000000000000000e+03,7.247085872217521683e+03
1.681000000000000000e+03,8.696605984118117703e+03
1.682000000000000000e+03,1.049064195682457648e+04
1.683000000000000000e+03,1.164814062165952237e+04
1.684000000000000000e+03,1.304402841850278128e+04
1.685000000000000000e+03,1.471908379077462087e+04
1.686000000000000000e+03,1.632271546924978975e+04
1.687000000000000000e+03,1.735437095975566626e+04
1.688000000000000000e+03,1.762142013191704973e+04
1.689000000000000000e+03,1.714973822180366915e+04
1.690000000000000000e+03,1.729330395102910552e+04
1.691000000000000000e+03,1.741553574820709400e+04
1.692000000000000000e+03,1.639332780371752233e+04
1.693000000000000000e+03,1.404395724245998281e+04
1.694000000000000000e+03,1.199908890646072541e+04
1.695000000000000000e+03,9.621576298450410832e+03
1.696000000000000000e+03,7.569720780063466918e+03
1.697000000000000000e+03,5.557439968878655236e+03
1.698000000000000000e+03,3.896050145823572620e+03
1.699000000000000000e+03,2.284650381179485521e+03
1.700000000000000000e+03,1.484213222377851480e+03
1.701000000000000000e+03,4.613494738254161689e+02
1.702000000000000000e+03,3.687363081178011726e+02
1.703000000000000000e+03,9.425421665788396695e+02
1.704000000000000000e+03,6.681855594533735712e+02
1.705000000000000000e+03,6.914339133389096332e+02
1.706000000000000000e+03,8.180190231498033882e+02
1.707000000000000000e+03,8.720545654022367899e+02
1.708000000000000000e+03,1.045023060081999120e+03
1.709000000000000000e+03,7.497492025374742752e+02
1.710000000000000000e+03,5.355956477817245514e+02
1.711000000000000000e+03,7.677359932889576157e+02
1.712000000000000000e+03,6.201660213745710735e+02
1.713000000000000000e+03,4.975948429108879054e+02
1.714000000000000000e+03,5.601369954163031935e+02
1.715000000000000000e+03,6.087620752211607851e+02
1.716000000000000000e+03,2.229586901565254209e+02
1.717000000000000000e+03,4.933868814924790058e+01
1.718000000000000000e+03,2.233031070783654286e+02
1.719000000000000000e+03,6.305292475812885868e+02
1.720000000000000000e+03,1.005186779540894008e+03
1.721000000000000000e+03,1.404194572861600363e+03
1.722000000000000000e+03,9.870675913996852842e+02
1.723000000000000000e+03,6.719902355959031865e+02
1.724000000000000000e+03,8.950302380316387598e+02
1.725000000000000000e+03,1.032269991712377305e+03
1.726000000000000000e+03,1.241317484693621509e+03
1.727000000000000000e+03,9.393786985562370546e+02
1.728000000000000000e+03,9.131617392515687470e+02
1.729000000000000000e+03,9.317371883686512319e+02
1.730000000000000000e+03,3.918280944843778570e+02
1.731000000000000000e+03,2.902651429487180224e+01
1.732000000000000000e+03,3.641297203805555682e+02
1.733000000000000000e+03,8.624686146872095378e+02
1.734000000000000000e+03,1.016147255682591663e+03
1.735000000000000000e+03,7.838766418553794892e+02
1.736000000000000000e+03,6.405153679020479558e+02
1.737000000000000000e+03,9.236862310780778671e+02
1.738000000000000000e+03,1.068800695782978210e+03
1.739000000000000000e+03,9.744797786438018647e+02
1.740000000000000000e+03,4.833949440833899871e+02
1.741000000000000000e+03,2.677645562402899486e+02
1.742000000000000000e+03,7.492932531308293846e+02
1.743000000000000000e+03,5.719415260559979970e+02
1.744000000000000000e+03,6.322824046597394272e+02
1.745000000000000000e+03,6.961316315823717105e+02
1.746000000000000000e+03,4.472970584612924654e+02
1.747000000000000000e+03,5.652093341439774576e+02
1.748000000000000000e+03,8.262882509522817145e+02
1.749000000000000000e+03,1.347802716240147902e+03
1.750000000000000000e+03,1.223129814016376940e+03
1.751000000000000000e+03,9.013506771766127486e+02
1.752000000000000000e+03,1.305862096195002323e+03
1.753000000000000000e+03,1.153882979853298821e+03
1.754000000000000000e+03,8.602399072798569932e+02
1.755000000000000000e+03,3.403907421006899767e+02
1.756000000000000000e+03,4.915966146149254712e+01
1.757000000000000000e+03,4.854169844717195019e+02
1.758000000000000000e+03,3.444712375283652364e+02
1.759000000000000000e+03,1.530427696314398418e+03
1.760000000000000000e+03,2.802389417065593534e+03
1.761000000000000000e+03,1.963514788353273161e+03
1.762000000000000000e+03,6.176885302622312111e+02
1.763000000000000000e+03,1.087498286942682398e+03
1.764000000000000000e+03,6.560363137995587977e+02
1.765000000000000000e+03,4.430836325695728561e+01
1.766000000000000000e+03,8.895430782841342534e+02
1.767000000000000000e+03,1.702850481100494108e+03
1.768000000000000000e+03,1.263994413871424740e+03
1.769000000000000000e+03,1.269254671139726725e+03
1.770000000000000000e+03,1.737342856179242972e+03
1.771000000000000000e+03,2.569695224814469384e+03
1.772000000000000000e+03,2.648797892812528517e+03
1.773000000000000000e+03,2.060209862598791005e+03
1.774000000000000000e+03,2.023391708049049612e+03
1.775000000000000000e+03,2.710640953505454490e+03
1.776000000000000000e+03,2.527109611150437104e+03
1.777000000000000000e+03,2.469856878616218637e+03
1.778000000000000000e+03,3.048892715236938784e+03
1.779000000000000000e+03,2.866249273959656421e+03
1.780000000000000000e+03,2.964851019992238889e+03
1.781000000000000000e+03,2.557390807347071586e+03
1.782000000000000000e+03,2.578073068922067705e+03
1.783000000000000000e+03,2.206771966356876419e+03
1.784000000000000000e+03,1.772514561194812359e+03
1.785000000000000000e+03,1.495683059943228045e+03
1.786000000000000000e+03,1.087356724118396187e+03
1.787000000000000000e+03,7.608144057067664789e+02
1.788000000000000000e+03,6.520218916422718394e+02
1.789000000000000000e+03,3.916788486837072014e+02
1.790000000000000000e+03,5.212936424102933870e+02
1.791000000000000000e+03,6.777539753365158504e+02
1.792000000000000000e+03,8.756301039885134969e+02
1.793000000000000000e+03,8.267685190592223989e+02
1.794000000000000000e+03,8.471670513256050299e+02
1.795000000000000000e+03,4.533484949012180323e+02
1.796000000000000000e+03,7.484419659059084324e+02
1.797000000000000000e+03,7.475803740526872616e+02
1.798000000000000000e+03,5.179701994694783025e+02
1.799000000000000000e+03,3.816188365763405841e+02
1.800000000000000000e+03,8.260804853214045806e+02
1.801000000000000000e+03,1.206766854806919582e+03
1.802000000000000000e+03,1.812531771478453493e+03
1.803000000000000000e+03,2.331239258222351054e+03
1.804000000000000000e+03,3.418754688587881446e+03
1.805000000000000000e+03,4.151994655822092682e+03
1.806000000000000000e+03,4.756813452318318014e+03
1.807000000000000000e+03,5.662467866896513442e+03
1.808000000000000000e+03,5.603966493009110309e+03
1.809000000000000000e+03,4.893339808710517900e+03
1.810000000000000000e+03,4.554217693469875485e+03
1.811000000000000000e+03,4.451720769857206506e+03
1.812000000000000000e+03,4.015580884610996691e+03
1.813000000000000000e+03,3.325635279205575443e+03
1.814000000000000000e+03,2.718398409093644204e+03
1.815000000000000000e+03,2.031961295310262130e+03
1.816000000000000000e+03,1.581719821395173994e+03
1.817000000000000000e+03,9.508324806336860320e+02
1.818000000000000000e+03,9.792377727002957499e+02
1.819000000000000000e+03,8.362484769628824779e+02
1.820000000000000000e+03,3.696216110392875862e+02
1.821000000000000000e+03,5.139343278159461761e+02
1.822000000000000000e+03,8.127862045166274356e+02
1.823000000000000000e+03,8.496741877611840437e+02
1.824000000000000000e+03,7.348778908325840575e+02
1.825000000000000000e+03,9.159466847289959333e+02
1.826000000000000000e+03,1.220408543638259289e+03
1.827000000000000000e+03,9.353277596253145703e+02
1.828000000000000000e+03,9.409218827721065281e+02
1.829000000000000000e+03,6.016179613055002164e+02
1.830000000000000000e+03,3.373231167684093066e+02
1.831000000000000000e+03,6.403859907548232968e+02
1.832000000000000000e+03,1.367412200965209649e+03
1.833000000000000000e+03,1.567145365302587152e+03
1.834000000000000000e+03,1.699546034992808700e+03
1.835000000000000000e+03,1.151168954956016933e+03
1.836000000000000000e+03,6.381642915853658451e+02
1.837000000000000000e+03,1.106947455495088434e+03
1.838000000000000000e+03,8.620467416890660388e+02
1.839000000000000000e+03,1.525410646631386271e+03
1.840000000000000000e+03,1.744145956424023780e+03
1.841000000000000000e+03,1.365131971264874210e+03
1.842000000000000000e+03,1.768610142496012031e+03
1.843000000000000000e+03,2.002157063660187077e+03
1.844000000000000000e+03,2.265206454247918373e+03
1.845000000000000000e+03,2.458928074886680406e+03
1.846000000000000000e+03,2.688954632848017354e+03
1.847000000000000000e+03,2.728670519941089424e+03
1.848000000000000000e+03,2.381688417856129490e+03
1.849000000000000000e+03,2.261706290593919221e+03
1.850000000000000000e+03,2.590508883074555342e+03
1.851000000000000000e+03,3.304567464751241459e+03
1.852000000000000000e+03,4.315659265505873009e+03
1.853000000000000000e+03,5.433458190501721219e+03
1.854000000000000000e+03,6.536847890038371588e+03
1.855000000000000000e+03,7.491852285344728443e+03
1.856000000000000000e+03,8.224589795272693664e+03
1.857000000000000000e+03,8.081988318203103518e+03
1.858000000000000000e+03,7.052026726455461358e+03
1.859000000000000000e+03,6.607608851443706044e+03
1.860000000000000000e+03,5.875769039003536818e+03
1.861000000000000000e+03,5.075510023261147580e+03
1.862000000000000000e+03,4.056858662575682956e+03
1.863000000000000000e+03,3.141607350916614905e+03
1.864000000000000000e+03,2.331059986631698393e+03
1.865000000000000000e+03,1.861101143065162887e+03
1.866000000000000000e+03,1.854493318992811510e+03
1.867000000000000000e+03,1.784232581668462444e+03
1.868000000000000000e+03,1.696651432444120019e+03
1.869000000000000000e+03,1.429495859505236922e+03
1.870000000000000000e+03,1.194959903881584978e+03
1.871000000000000000e+03,1.324630400680881621e+03
1.872000000000000000e+03,1.261193082088247365e+03
1.873000000000000000e+03,1.394245620640443803e+03
1.874000000000000000e+03,1.569248517212988418e+03
1.875000000000000000e+03,1.075313798959522728e+03
1.876000000000000000e+03,6.234209749097478834e+02
1.877000000000000000e+03,9.371980388483073057e+02
1.878000000000000000e+03,9.484103809069108593e+02
1.879000000000000000e+03,7.999499937848512445e+02
1.880000000000000000e+03,7.560066859911432857e+02
1.881000000000000000e+03,4.598069538707210882e+02
1.882000000000000000e+03,3.565900700867354089e+02
1.883000000000000000e+03,1.467174166015169305e+02
1.884000000000000000e+03,5.110232205305159425e+01
1.885000000000000000e+03,2.152868358149209200e+02
1.886000000000000000e+03,5.545494881730808174e+02
1.887000000000000000e+03,4.621132293091366705e+02
1.888000000000000000e+03,4.546798594456438423e+02
1.889000000000000000e+03,6.464316046179445721e+02
1.890000000000000000e+03,4.649102867297345369e+02
1.891000000000000000e+03,5.127900009339901999e+02
1.892000000000000000e+03,1.054163884436245269e+02
1.893000000000000000e+03,-1.520494699881220058e+01
1.894000000000000000e+03,1.073826678873273011e+02
1.895000000000000000e+03,1.756915496424241212e+02
1.896000000000000000e+03,9.008451911736926832e+01
1.897000000000000000e+03,1.484822030296011803e+02
1.898000000000000000e+03,3.992847528022227266e+02
1.899000000000000000e+03,5.578399937110982592e+02
1.900000000000000000e+03,4.056084292710172008e+02
1.901000000000000000e+03,4.276068229539886261e+02
1.902000000000000000e+03,4.292135919832149966e+02
1.903000000000000000e+03,1.311474946403850481e+02
1.904000000000000000e+03,2.563740402656442985e+00
1.905000000000000000e+03,1.878900256539024554e+02
1.906000000000000000e+03,8.382630204732924994e+01
1.907000000000000000e+03,1.627989553429482896e+02
1.908000000000000000e+03,6.278621351594497355e+02
1.909000000000000000e+03,7.949213551959301185e+02
1.910000000000000000e+03,5.998539478287578959e+02
1.911000000000000000e+03,5.866441589999748203e+02
1.912000000000000000e+03,8.111438019555272376e+02
1.913000000000000000e+03,9.846292961903320702e+02
1.914000000000000000e+03,1.026530080615817951e+03
1.915000000000000000e+03,8.489448385979368368e+02
1.916000000000000000e+03,9.941467756822650017e+02
1.917000000000000000e+03,4.381244956096126657e+02
1.918000000000000000e+03,6.887694157494206593e+02
1.919000000000000000e+03,1.050706814376407010e+03
1.920000000000000000e+03,1.211756784356784010e+03
1.921000000000000000e+03,1.310041752353482252e+03
1.922000000000000000e+03,1.546602850867718416e+03
1.923000000000000000e+03,2.215970621551890872e+03
1.924000000000000000e+03,2.166318586830502227e+03
1.925000000000000000e+03,2.163170207514485355e+03
1.926000000000000000e+03,2.672041626537562024e+03
1.927000000000000000e+03,3.439934657199959020e+03
1.928000000000000000e+03,3.124739819331487524e+03
1.929000000000000000e+03,2.809450399517371352e+03
1.930000000000000000e+03,2.889995474086956165e+03
1.931000000000000000e+03,2.687725383283875544e+03
1.932000000000000000e+03,2.245601745449194823e+03
1.933000000000000000e+03,2.123729403193387952e+03
1.934000000000000000e+03,2.655080929120723795e+03
1.935000000000000000e+03,2.415960512226449282e+03
1.936000000000000000e+03,2.472538382162388643e+03
1.937000000000000000e+03,2.637580687195147675e+03
1.938000000000000000e+03,2.721307453033839920e+03
1.939000000000000000e+03,3.166257975395498306e+03
1.940000000000000000e+03,3.172445989915878727e+03
1.941000000000000000e+03,2.419732161915905635e+03
1.942000000000000000e+03,2.521936730722664834e+03
1.943000000000000000e+03,2.729716773742651640e+03
1.944000000000000000e+03,2.173430720138449942e+03
1.945000000000000000e+03,1.756316345087723903e+03
1.946000000000000000e+03,1.306162053421279779e+03
1.947000000000000000e+03,4.189370682065327287e+02
1.948000000000000000e+03,3.757481049004300644e+02
1.949000000000000000e+03,6.380311941830582327e+02
1.950000000000000000e+03,4.819150614133097292e+02
1.951000000000000000e+03,1.749965802347447266e+02
1.952000000000000000e+03,1.780299465042861868e+02
1.953000000000000000e+03,7.417313112434454752e+02
1.954000000000000000e+03,6.002284867045219698e+02
1.955000000000000000e+03,7.066340571454248902e+02
1.956000000000000000e+03,8.592081175116821896e+02
1.957000000000000000e+03,7.759005139076173236e+02
1.958000000000000000e+03,3.720678732852757662e+02
1.959000000000000000e+03,1.493344372687992916e+02
1.960000000000000000e+03,3.686286438054528958e+02
1.961000000000000000e+03,4.385432929864837774e+02
1.962000000000000000e+03,4.480437234925295229e+02
1.963000000000000000e+03,7.174065066566583937e+01
1.964000000000000000e+03,3.625029853196638641e+01
1.965000000000000000e+03,4.457322206882620321e+02
1.966000000000000000e+03,7.514225092944624294e+02
1.967000000000000000e+03,4.979975216619993148e+02
1.968000000000000000e+03,9.661062512736010603e+02
1.969000000000000000e+03,9.938150756915865713e+02
1.970000000000000000e+03,1.393172030590390705e+03
1.971000000000000000e+03,1.638388904552761460e+03
1.972000000000000000e+03,1.172467269253534823e+03
1.973000000000000000e+03,1.958839444577730319e+03
1.974000000000000000e+03,2.873444585557381743e+03
1.975000000000000000e+03,2.448020922641871039e+03
1.976000000000000000e+03,1.458730947387334481e+03
1.977000000000000000e+03,1.336628143723152789e+03
1.978000000000000000e+03,1.047860029577263504e+03
1.979000000000000000e+03,9.504127503476616994e+02
1.980000000000000000e+03,4.299565862213361243e+02
1.981000000000000000e+03,2.387562573874633074e+02
1.982000000000000000e+03,4.315905807005446491e+02
1.983000000000000000e+03,3.932465078577723148e+02
1.984000000000000000e+03,3.504877955203006650e+02
1.985000000000000000e+03,3.863819413590077261e+02
1.986000000000000000e+03,2.730940610168445346e+02
1.987000000000000000e+03,6.228563335303654185e+02
1.988000000000000000e+03,4.468970811638219516e+02
1.989000000000000000e+03,-5.331613581378253031e+01
1.990000000000000000e+03,-2.586117568722223155e+02
1.991000000000000000e+03,1.127962053777358875e+02
1.992000000000000000e+03,1.761126454660285390e+02
1.993000000000000000e+03,1.053846620444763715e+02
1.994000000000000000e+03,2.528312334099108796e+02
1.995000000000000000e+03,4.201693990713879430e+02
1.996000000000000000e+03,4.727540553793618869e+02
1.997000000000000000e+03,2.944246492426840405e+02
1.998000000000000000e+03,4.773203917927119733e+02
1.999000000000000000e+03,4.536930708565150780e+02
2.000000000000000000e+03,6.010517898046508662e+02
2.001000000000000000e+03,4.741733831723981893e+02
2.002000000000000000e+03,6.291306762247102142e+02
2.003000000000000000e+03,7.372071692545071073e+02
2.004000000000000000e+03,6.395365229862565002e+02
2.005000000000000000e+03,5.852509393748981665e+02
2.006000000000000000e+03,9.917857441033972918e+02
2.007000000000000000e+03,1.198369149956908814e+03
2.008000000000000000e+03,1.670549775981177163e+03
2.009000000000000000e+03,2.007709167781941233e+03
2.010000000000000000e+03,2.469848561073510609e+03
2.011000000000000000e+03,2.655121262019116330e+03
2.012000000000000000e+03,2.266583871218587774e+03
2.013000000000000000e+03,2.643014466741744400e+03
2.014000000000000000e+03,2.456972577609689779e+03
2.015000000000000000e+03,2.383937438208637559e+03
2.016000000000000000e+03,2.344695895921316151e+03
2.017000000000000000e+03,1.676015968015241242e+03
2.018000000000000000e+03,1.170148013256311742e+03
2.019000000000000000e+03,1.033610848486725672e+03
2.020000000000000000e+03,1.300476047768239823e+03
2.021000000000000000e+03,1.390723736884311847e+03
2.022000000000000000e+03,1.368191319859371788e+03
2.023000000000000000e+03,1.128130276331960204e+03
2.024000000000000000e+03,9.585194723690510727e+02
2.025000000000000000e+03,1.219573706070373873e+03
2.026000000000000000e+03,9.766964380689217933e+02
2.027000000000000000e+03,8.207015181077329089e+02
2.028000000000000000e+03,7.953193743797431807e+02
2.029000000000000000e+03,3.295565160689035906e+02
2.030000000000000000e+03,5.508039661548082222e+02
2.031000000000000000e+03,6.670288332785149805e+02
2.032000000000000000e+03,6.225323588958087839e+02
2.033000000000000000e+03,7.082799593375569884e+02
2.034000000000000000e+03,1.933799161598001888e+02
2.035000000000000000e+03,1.887706301515902112e+02
2.036000000000000000e+03,4.500765374737943034e+02
2.037000000000000000e+03,2.699214656529588865e+02
2.038000000000000000e+03,-4.484197831381381150e+01
2.039000000000000000e+03,-7.572017268910046539e+01
2.040000000000000000e+03,-1.710582178016633179e+02
2.041000000000000000e+03,2.202881021907539605e+02
2.042000000000000000e+03,1.655631470761892388e+02
2.043000000000000000e+03,-6.700969715279340733e+01
2.044000000000000000e+03,9.343550476542685601e+01
2.045000000000000000e+03,-4.122150162626972048e+01
2.046000000000000000e+03,2.494286703911791676e+02
2.047000000000000000e+03,6.186221027331912410e+02
2.048000000000000000e+03,6.052467957806893537e+02
2.049000000000000000e+03,8.873257762985163311e+01
2.050000000000000000e+03,3.511549919029330908e+02
2.051000000000000000e+03,3.378241080885735528e+02
2.052000000000000000e+03,3.523485542800786448e+02
2.053000000000000000e+03,5.644674994401290178e+02
2.054000000000000000e+03,6.155653692732332729e+02
2.055000000000000000e+03,4.190338082470387917e+02
2.056000000000000000e+03,2.384866264867132770e+02
2.057000000000000000e+03,2.094517470996721613e+02
2.058000000000000000e+03,-1.331381583852257222e+02
2.059000000000000000e+03,-5.639675350145181909e+01
2.060000000000000000e+03,3.250213422782711632e+02
2.061000000000000000e+03,4.123344645912397368e+02
2.062000000000000000e+03,2.062916362089502229e+02
2.063000000000000000e+03,2.591245505064264307e+02
2.064000000000000000e+03,2.676152177953021010e+02
2.065000000000000000e+03,4.458073327205956389e+02
2.066000000000000000e+03,4.514515779511237952e+02
2.067000000000000000e+03,3.585482500964999417e+02
2.068000000000000000e+03,4.598504478474490611e+02
2.069000000000000000e+03,6.126345821314043860e+02
2.070000000000000000e+03,8.943924749109357890e+02
2.071000000000000000e+03,1.003192763918847731e+03
2.072000000000000000e+03,8.209323020219196678e+02
2.073000000000000000e+03,5.913506500409836235e+02
2.074000000000000000e+03,5.173636916320219825e+02
2.075000000000000000e+03,8.638300803877218641e+02
2.076000000000000000e+03,3.573326269447063623e+02
2.077000000000000000e+03,1.981779451742714571e+02
2.078000000000000000e+03,2.253560375454830478e+02
2.079000000000000000e+03,1.434306373887153541e+02
2.080000000000000000e+03,1.362175057579795521e+02
2.081000000000000000e+03,5.408053534163524319e+02
2.082000000000000000e+03,4.318000874915150575e+02
2.083000000000000000e+03,4.137169139901559447e+02
2.084000000000000000e+03,4.790741454858483053e+02
2.085000000000000000e+03,8.248119531902286781e+02
2.086000000000000000e+03,6.895095544470121922e+02
2.087000000000000000e+03,1.836688649210319682e+02
2.088000000000000000e+03,3.592015633646473134e+02
2.089000000000000000e+03,1.251293178425179065e+02
2.090000000000000000e+03,2.760367371157812499e+02
2.091000000000000000e+03,4.707483343654615169e+02
2.092000000000000000e+03,6.247152166436581666e+01
2.093000000000000000e+03,-3.307311812008399698e+01
2.094000000000000000e+03,3.146221502699376060e+02
2.095000000000000000e+03,5.625189420005900729e+02
2.096000000000000000e+03,4.988304907971977968e+02
2.097000000000000000e+03,6.354409016001669670e+02
2.098000000000000000e+03,4.320921917777675958e+02
2.099000000000000000e+03,5.387361734400751629e+02
2.100000000000000000e+03,8.330337654633304965e+02
2.101000000000000000e+03,6.959522946866646862e+02
2.102000000000000000e+03,8.120346070234696754e+02
2.103000000000000000e+03,1.067447783378979693e+03
2.104000000000000000e+03,5.825101788221003289e+02
2.105000000000000000e+03,1.366295449607743819e+02
2.106000000000000000e+03,1.228066559514773672e+02
2.107000000000000000e+03,1.455919395312559175e+02
2.108000000000000000e+03,1.627983453095975847e+03
2.109000000000000000e+03,2.144342922159200498e+03
2.110000000000000000e+03,1.500074066588140340e+03
2.111000000000000000e+03,1.578577361462554336e+02
2.112000000000000000e+03,3.036584594703882090e+02
2.113000000000000000e+03,4.468838130195081249e+02
2.114000000000000000e+03,6.347063276874176836e+02
2.115000000000000000e+03,8.685240534459927630e+02
2.116000000000000000e+03,5.361013037759051940e+02
2.117000000000000000e+03,2.951010328289800100e+02
2.118000000000000000e+03,3.473084166457018682e+02
2.119000000000000000e+03,5.403108004868329317e+02
2.120000000000000000e+03,3.584981745831945545e+02
2.121000000000000000e+03,7.063708251908969942e+02
2.122000000000000000e+03,6.708087288922785092e+02
2.123000000000000000e+03,6.276243681540901207e+02
2.124000000000000000e+03,8.062484100601370756e+02
2.125000000000000000e+03,1.179626188732493574e+03
2.126000000000000000e+03,7.913237802628423196e+02
2.127000000000000000e+03,9.787813398674390442e+01
2.128000000000000000e+03,-4.025461571966770293e+02
2.129000000000000000e+03,-4.055656665895590436e+02
2.130000000000000000e+03,2.148175427163513689e+02
2.131000000000000000e+03,5.968639214651567499e+02
2.132000000000000000e+03,1.106563549709934023e+03
2.133000000000000000e+03,1.037538541240720633e+03
2.134000000000000000e+03,7.472719551857412057e+01
2.135000000000000000e+03,1.911436608771979451e+01
2.136000000000000000e+03,4.797298549633353559e+02
2.137000000000000000e+03,5.465117775705451777e+02
2.138000000000000000e+03,3.300496873633139217e+02
2.139000000000000000e+03,3.856618753945297726e+02
2.140000000000000000e+03,3.452298462944227140e+02
2.141000000000000000e+03,5.953991557551930782e+02
2.142000000000000000e+03,7.085854401437698016e+02
2.143000000000000000e+03,3.410427012570924603e+02
2.144000000000000000e+03,4.955652504268809935e+02
2.145000000000000000e+03,8.037540917155490661e+02
2.146000000000000000e+03,6.322353165969790325e+02
2.147000000000000000e+03,6.277960186326995426e+02
2.148000000000000000e+03,6.161674015935192301e+02
2.149000000000000000e+03,1.591077893250187856e+02
2.150000000000000000e+03,4.560756825936164205e+02
2.151000000000000000e+03,1.461766140397665481e+02
2.152000000000000000e+03,-5.192354342885815868e+02
2.153000000000000000e+03,-3.834445235468222108e+02
2.154000000000000000e+03,-2.113988568707809179e+02
2.155000000000000000e+03,4.263801672231354587e+02
2.156000000000000000e+03,7.151748922606786891e+02
2.157000000000000000e+03,8.220564681078534477e+02
2.158000000000000000e+03,6.652289870945871826e+02
2.159000000000000000e+03,9.666709966047468470e+02
2.160000000000000000e+03,8.283793213564284770e+02
2.161000000000000000e+03,8.084848664564336786e+02
2.162000000000000000e+03,4.255829333471677387e+02
2.163000000000000000e+03,-2.064896531878993713e+01
2.164000000000000000e+03,6.561190888603891835e+01
2.165000000000000000e+03,3.944344679123440187e+02
2.166000000000000000e+03,6.983109301648905785e+02
2.167000000000000000e+03,7.611469910520071380e+02
2.168000000000000000e+03,6.564329970770863838e+02
2.169000000000000000e+03,7.559862257396096084e+02
2.170000000000000000e+03,2.949867375930725757e+02
2.171000000000000000e+03,7.550879413968350491e+02
2.172000000000000000e+03,1.342974215771176205e+03
2.173000000000000000e+03,1.023962995231950003e+03
2.174000000000000000e+03,7.630842223825766268e+02
2.175000000000000000e+03,6.195750727782346985e+02
2.176000000000000000e+03,6.383239563936708691e+02
2.177000000000000000e+03,3.809477646511082867e+02
2.178000000000000000e+03,4.495377599437571234e+02
2.179000000000000000e+03,6.253928224744121280e+02
2.180000000000000000e+03,7.070475811435013611e+02
2.181000000000000000e+03,7.283953050818872725e+02
2.182000000000000000e+03,5.185943431574564784e+02
2.183000000000000000e+03,3.301939018196115967e+02
2.184000000000000000e+03,6.238965681405431951e+02
2.185000000000000000e+03,5.633831596166561440e+02
2.186000000000000000e+03,5.507215117808141258e+02
2.187000000000000000e+03,7.922177223186082529e+02
2.188000000000000000e+03,1.053911596044868475e+03
2.189000000000000000e+03,8.544316662347454212e+02
2.190000000000000000e+03,5.513906247092432977e+02
2.191000000000000000e+03,3.503877205063060956e+02
2.192000000000000000e+03,4.584135628081345999e+02
2.193000000000000000e+03,5.243843267771893579e+02
2.194000000000000000e+03,3.339246871217600301e+02
2.195000000000000000e+03,1.647947193117828135e+02
2.196000000000000000e+03,4.187650478438953883e+02
2.197000000000000000e+03,4.439234548833064196e+02
2.198000000000000000e+03,6.682955231160268568e+02
2.199000000000000000e+03,5.880484204476052810e+02
2.200000000000000000e+03,7.298859959601841183e+02
2.201000000000000000e+03,7.294857930399150518e+02
2.202000000000000000e+03,1.275654098370648853e+03
2.203000000000000000e+03,9.888927320309381912e+02
2.204000000000000000e+03,1.305399489462567999e+03
2.205000000000000000e+03,1.320534144938210602e+03
2.206000000000000000e+03,1.016996855636618193e+03
2.207000000000000000e+03,1.392881639553937703e+03
2.208000000000000000e+03,1.561144994639645802e+03
2.209000000000000000e+03,1.547032306894406474e+03
2.210000000000000000e+03,1.396814156896314216e+03
2.211000000000000000e+03,1.525766169995579503e+03
2.212000000000000000e+03,1.274075010241560904e+03
2.213000000000000000e+03,1.181320153893104816e+03
2.214000000000000000e+03,1.298217838728379547e+03
2.215000000000000000e+03,2.326144318433762237e+03
2.216000000000000000e+03,2.602774731379387504e+03
2.217000000000000000e+03,2.748553934135582040e+03
2.218000000000000000e+03,2.813891156993426648e+03
2.219000000000000000e+03,2.076027042202193570e+03
2.220000000000000000e+03,1.875694234068269907e+03
2.221000000000000000e+03,2.124535684397855675e+03
2.222000000000000000e+03,1.920391594166677805e+03
2.223000000000000000e+03,1.628975495603073114e+03
2.224000000000000000e+03,1.580858877844652397e+03
2.225000000000000000e+03,2.048830101109575025e+03
2.226000000000000000e+03,1.729204739138578361e+03
2.227000000000000000e+03,1.065923003944985112e+03
2.228000000000000000e+03,9.200668470731447997e+02
2.229000000000000000e+03,1.200536291774893243e+03
2.230000000000000000e+03,1.703271269324214927e+03
2.231000000000000000e+03,1.741646888924621180e+03
2.232000000000000000e+03,1.474142996410839942e+03
2.233000000000000000e+03,1.489683657578829980e+03
2.234000000000000000e+03,1.457214136625517995e+03
2.235000000000000000e+03,2.498188041044802958e+03
2.236000000000000000e+03,3.261841821521872589e+03
2.237000000000000000e+03,2.532113377902381217e+03
2.238000000000000000e+03,1.291488980259769960e+03
2.239000000000000000e+03,8.192755001066594787e+02
2.240000000000000000e+03,3.434740659012203423e+02
2.241000000000000000e+03,6.385898263963227919e+02
2.242000000000000000e+03,7.411675186742228334e+02
2.243000000000000000e+03,2.224208198490026405e+02
2.244000000000000000e+03,8.956169464652919032e+02
2.245000000000000000e+03,1.103444484627196744e+03
2.246000000000000000e+03,5.613397878849724520e+02
2.247000000000000000e+03,4.512598966008957291e+02
2.248000000000000000e+03,6.957801463983761323e+02
2.249000000000000000e+03,9.026883902314131092e+02
2.250000000000000000e+03,8.617123259616745372e+02
2.251000000000000000e+03,8.355437824932294006e+02
2.252000000000000000e+03,4.527034135471091076e+02
2.253000000000000000e+03,1.982590679508416258e+02
2.254000000000000000e+03,3.680292804003387914e+02
2.255000000000000000e+03,5.158732671874976177e+02
2.256000000000000000e+03,6.237290570848615516e+02
2.257000000000000000e+03,8.382708012385937764e+02
2.258000000000000000e+03,8.264737046301999044e+02
2.259000000000000000e+03,7.541538864992301114e+02
2.260000000000000000e+03,4.262107958130769134e+02
2.261000000000000000e+03,2.561398773067862749e+02
2.262000000000000000e+03,4.241485697671215007e+02
2.263000000000000000e+03,7.458215235920091573e+02
2.264000000000000000e+03,1.290887555870313008e+03
2.265000000000000000e+03,9.066102358013265530e+02
2.266000000000000000e+03,5.056816032897613127e+02
2.267000000000000000e+03,4.267549832725496799e+02
2.268000000000000000e+03,9.539319416515255625e+02
2.269000000000000000e+03,1.139026461753790727e+03
2.270000000000000000e+03,1.027102319365081030e+03
2.271000000000000000e+03,9.419524804510355125e+02
2.272000000000000000e+03,8.455269837774145572e+02
2.273000000000000000e+03,1.264736844366630294e+03
2.274000000000000000e+03,1.597192349727452665e+03
2.275000000000000000e+03,1.476149763868660557e+03
2.276000000000000000e+03,6.782982007862999581e+02
2.277000000000000000e+03,4.762654412077742450e+02
2.278000000000000000e+03,7.312628217721878627e+02
2.279000000000000000e+03,7.978861950770946123e+02
2.280000000000000000e+03,9.239299071112980073e+02
2.281000000000000000e+03,9.253410052345714121e+02
2.282000000000000000e+03,5.870367771281373734e+02
2.283000000000000000e+03,7.819916651579301288e+02
2.284000000000000000e+03,7.152228827062576784e+02
2.285000000000000000e+03,8.533086433263216577e+02
2.286000000000000000e+03,1.085564756514335841e+03
2.287000000000000000e+03,1.000466279198406596e+03
2.288000000000000000e+03,5.800062927301188438e+02
2.289000000000000000e+03,6.896386910662240552e+02
2.290000000000000000e+03,5.502817059351259559e+02
2.291000000000000000e+03,6.163740868002694242e+02
2.292000000000000000e+03,6.025911632046767181e+02
2.293000000000000000e+03,8.244808507822056072e+02
2.294000000000000000e+03,9.758175120828612989e+02
2.295000000000000000e+03,5.093738685170820872e+02
2.296000000000000000e+03,4.476798692704434188e+02
2.297000000000000000e+03,3.281833161661580789e+02
2.298000000000000000e+03,7.652960082035300502e+02
2.299000000000000000e+03,8.343190617595306549e+02
2.300000000000000000e+03,8.193384535936291968e+02
2.301000000000000000e+03,8.898583871239659402e+02
2.302000000000000000e+03,9.706162132881631806e+02
2.303000000000000000e+03,1.107615151060091875e+03
2.304000000000000000e+03,9.702689785221473358e+02
2.305000000000000000e+03,1.098267707944776475e+03
2.306000000000000000e+03,9.782041845770369264e+02
2.307000000000000000e+03,1.166198679402644757e+03
2.308000000000000000e+03,1.021332489754528183e+03
2.309000000000000000e+03,8.230692444976143634e+02
2.310000000000000000e+03,1.053414433704796693e+03
2.311000000000000000e+03,1.010182875011240981e+03
2.312000000000000000e+03,9.764746235287685749e+02
2.313000000000000000e+03,1.268026738853980532e+03
2.314000000000000000e+03,1.018776627961557324e+03
2.315000000000000000e+03,1.527751261989321620e+03
2.316000000000000000e+03,2.041940068197501205e+03
2.317000000000000000e+03,1.582391279076440924e+03
2.318000000000000000e+03,1.711491868980977188e+03
2.319000000000000000e+03,1.844610630911786075e+03
2.320000000000000000e+03,1.540825113251562925e+03
2.321000000000000000e+03,1.175264456999206232e+03
2.322000000000000000e+03,5.571126657195677581e+02
2.323000000000000000e+03,5.890913674026783156e+02
2.324000000000000000e+03,1.062852709855528019e+03
2.325000000000000000e+03,1.121174036548583445e+03
2.326000000000000000e+03,1.326318529501035300e+03
2.327000000000000000e+03,1.247659770936835685e+03
2.328000000000000000e+03,9.975253608150985656e+02
2.329000000000000000e+03,8.078390307354524111e+02
2.330000000000000000e+03,6.209647136924617143e+02
2.331000000000000000e+03,7.249643982750101259e+02
2.332000000000000000e+03,1.128316417292131291e+03
2.333000000000000000e+03,9.255560143753835973e+02
2.334000000000000000e+03,1.207459069647789420e+03
2.335000000000000000e+03,1.366493351199138715e+03
2.336000000000000000e+03,1.373267604253952186e+03
2.337000000000000000e+03,1.163429555608873898e+03
2.338000000000000000e+03,9.576549370605025615e+02
2.339000000000000000e+03,8.745583173472984981e+02
2.340000000000000000e+03,8.643755672079006445e+02
2.341000000000000000e+03,8.384711543633031852e+02
2.342000000000000000e+03,1.044491364549218360e+03
2.343000000000000000e+03,9.473356293221837632e+02
2.344000000000000000e+03,8.606942781190811047e+02
2.345000000000000000e+03,7.052852347777119348e+02
2.346000000000000000e+03,1.058648919406024788e+03
2.347000000000000000e+03,1.336809313663080957e+03
2.348000000000000000e+03,1.498677043917485435e+03
2.349000000000000000e+03,1.268592117000183407e+03
2.350000000000000000e+03,1.167201217897970309e+03
2.351000000000000000e+03,1.390163723941187982e+03
2.352000000000000000e+03,1.367399844687432278e+03
2.353000000000000000e+03,1.423272448469568189e+03
2.354000000000000000e+03,1.685214485191544100e+03
2.355000000000000000e+03,1.482559279073322614e+03
2.356000000000000000e+03,1.061663961842265053e+03
2.357000000000000000e+03,9.410356740323429676e+02
2.358000000000000000e+03,6.138661162720068205e+02
2.359000000000000000e+03,6.624872756553471618e+02
2.360000000000000000e+03,1.301988222456035601e+03
2.361000000000000000e+03,1.323940862502892514e+03
2.362000000000000000e+03,1.207544049178492969e+03
2.363000000000000000e+03,1.363605682024245198e+03
2.364000000000000000e+03,1.381226014164906701e+03
2.365000000000000000e+03,9.509962673694442401e+02
2.366000000000000000e+03,1.223198245346013437e+03
2.367000000000000000e+03,1.471112782924767316e+03
2.368000000000000000e+03,8.080185396977333312e+02
2.369000000000000000e+03,1.000295744211174110e+03
2.370000000000000000e+03,1.292275637348863484e+03
2.371000000000000000e+03,1.144009731762300135e+03
2.372000000000000000e+03,5.796777639788413126e+02
2.373000000000000000e+03,5.778684966278887032e+02
2.374000000000000000e+03,1.147491711102589534e+03
2.375000000000000000e+03,1.060794247676376244e+03
2.376000000000000000e+03,1.038663439296823753e+03
2.377000000000000000e+03,6.491596932603835057e+02
2.378000000000000000e+03,2.553135597073146812e+02
2.379000000000000000e+03,6.737498705936137640e+02
2.380000000000000000e+03,7.536113470132484053e+02
2.381000000000000000e+03,8.403552962834629625e+02
2.382000000000000000e+03,1.342875806475533864e+03
2.383000000000000000e+03,1.506433121143276594e+03
2.384000000000000000e+03,1.183937639234011385e+03
2.385000000000000000e+03,1.293964669621750545e+03
2.386000000000000000e+03,1.521810442278655728e+03
2.387000000000000000e+03,1.802344170027766495e+03
2.388000000000000000e+03,1.568047120415724066e+03
2.389000000000000000e+03,1.075411264905538246e+03
2.390000000000000000e+03,6.577966162575100952e+02
2.391000000000000000e+03,8.176822198846219862e+02
2.392000000000000000e+03,4.525963699134306921e+02
2.393000000000000000e+03,5.068464777676269364e+02
2.394000000000000000e+03,8.905729566060306297e+02
2.395000000000000000e+03,1.029801897709880677e+03
2.396000000000000000e+03,1.057051620544357093e+03
2.397000000000000000e+03,1.124652264085652860e+03
2.398000000000000000e+03,1.330699651317969256e+03
2.399000000000000000e+03,1.251937239322100595e+03
2.400000000000000000e+03,1.259902929288069345e+03
2.401000000000000000e+03,1.716520010755486510e+03
2.402000000000000000e+03,1.563781164521236406e+03
2.403000000000000000e+03,1.012197633196611491e+03
2.404000000000000000e+03,1.324277030014541424e+03
2.405000000000000000e+03,1.584306008036312733e+03
2.406000000000000000e+03,9.148487448590448139e+02
2.407000000000000000e+03,4.089307819475059773e+02
2.408000000000000000e+03,7.314845994745105600e+02
2.409000000000000000e+03,1.323446208191868209e+03
2.410000000000000000e+03,1.572568340058838430e+03
2.411000000000000000e+03,1.264749813685039271e+03
2.412000000000000000e+03,1.324302932795906372e+03
2.413000000000000000e+03,1.144591273976601997e+03
2.414000000000000000e+03,1.254009346231625386e+03
2.415000000000000000e+03,8.679285202139271860e+02
2.416000000000000000e+03,7.565274604642238501e+02
2.417000000000000000e+03,9.122485554219788355e+02
2.418000000000000000e+03,1.108286249789785415e+03
2.419000000000000000e+03,1.030409400802312348e+03
2.420000000000000000e+03,1.137594203112064633e+03
2.421000000000000000e+03,1.188603337915685188e+03
2.422000000000000000e+03,7.355954200226578905e+02
2.423000000000000000e+03,1.051956202280199477e+03
2.424000000000000000e+03,1.414761414744092463e+03
2.425000000000000000e+03,1.355322484949896761e+03
2.426000000000000000e+03,1.179753192959600028e+03
2.427000000000000000e+03,1.442341423539256766e+03
2.428000000000000000e+03,1.281303605179085025e+03
2.429000000000000000e+03,1.878903837520894285e+03
2.430000000000000000e+03,1.740766130204152660e+03
2.431000000000000000e+03,1.985400990138649377e+03
2.432000000000000000e+03,2.010489531715994190e+03
2.433000000000000000e+03,1.868790290647115171e+03
2.434000000000000000e+03,2.077864949771680131e+03
2.435000000000000000e+03,2.153156757541691150e+03
2.436000000000000000e+03,1.927429428695821116e+03
2.437000000000000000e+03,1.130048191673439305e+03
2.438000000000000000e+03,1.730288863250533723e+03
2.439000000000000000e+03,1.880560520512157382e+03
2.440000000000000000e+03,2.610446080504621023e+03
2.441000000000000000e+03,2.636713300360987887e+03
2.442000000000000000e+03,2.174443460640933608e+03
2.443000000000000000e+03,2.268216940704077388e+03
2.444000000000000000e+03,1.592114806372282828e+03
2.445000000000000000e+03,1.233018847188417340e+03
2.446000000000000000e+03,1.399061755708346936e+03
2.447000000000000000e+03,1.433536731454735218e+03
2.448000000000000000e+03,1.244187693025112367e+03
2.449000000000000000e+03,1.252537043333158181e+03
2.450000000000000000e+03,9.331456497820324785e+02
2.451000000000000000e+03,6.184200187919622067e+02
2.452000000000000000e+03,9.913498596925720676e+02
2.453000000000000000e+03,1.301070271567092050e+03
2.454000000000000000e+03,1.120373271391108801e+03
2.455000000000000000e+03,1.597580821351915347e+03
2.456000000000000000e+03,1.588190583539466616e+03
2.457000000000000000e+03,1.276762085491767493e+03
2.458000000000000000e+03,9.479878142337117879e+02
2.459000000000000000e+03,6.684880784879738940e+02
2.460000000000000000e+03,9.053631161126593270e+02
2.461000000000000000e+03,1.093163954651259246e+03
2.462000000000000000e+03,1.042109225699757644e+03
2.463000000000000000e+03,1.057666938001069411e+03
2.464000000000000000e+03,1.015755316319452845e+03
2.465000000000000000e+03,9.996872196241788515e+02
2.466000000000000000e+03,9.081662538630963581e+02
2.467000000000000000e+03,7.210783883489160644e+02
2.468000000000000000e+03,6.446290625847785805e+02
2.469000000000000000e+03,9.730501027565750292e+02
2.470000000000000000e+03,1.034817881680148957e+03
2.471000000000000000e+03,1.440185869785650084e+03
2.472000000000000000e+03,1.134893072194885917e+03
2.473000000000000000e+03,9.576383094217400185e+02
2.474000000000000000e+03,5.833356589444765632e+02
2.475000000000000000e+03,7.677404502795905046e+02
2.476000000000000000e+03,1.133489294255932236e+03
2.477000000000000000e+03,9.989743021366015228e+02
2.478000000000000000e+03,9.720749239710229403e+02
2.479000000000000000e+03,6.987880531418499004e+02
2.480000000000000000e+03,1.027224392862023251e+03
2.481000000000000000e+03,1.563352908285558442e+03
2.482000000000000000e+03,1.424034276785815109e+03
2.483000000000000000e+03,1.424677538602335744e+03
2.484000000000000000e+03,1.164709591477171898e+03
2.485000000000000000e+03,1.705319565676848015e+03
2.486000000000000000e+03,1.599396607250923807e+03
2.487000000000000000e+03,1.819309229271699905e+03
2.488000000000000000e+03,1.805372375238256609e+03
2.489000000000000000e+03,1.625956985962880253e+03
2.490000000000000000e+03,1.627578379671801713e+03
2.491000000000000000e+03,1.813094933623505085e+03
2.492000000000000000e+03,1.284640417069195564e+03
2.493000000000000000e+03,1.082178533656972377e+03
2.494000000000000000e+03,1.282549177557687926e+03
2.495000000000000000e+03,1.347041559712743720e+03
2.496000000000000000e+03,1.394809357282356359e+03
2.497000000000000000e+03,8.560666414477261696e+02
2.498000000000000000e+03,6.374027349780550367e+02
2.499000000000000000e+03,9.821951938291115312e+02
2.500000000000000000e+03,1.276248054444167337e+03
2.501000000000000000e+03,1.246778822416603589e+03
2.502000000000000000e+03,1.044443196576503169e+03
2.503000000000000000e+03,1.408235555793580261e+03
2.504000000000000000e+03,1.067445583247484592e+03
2.505000000000000000e+03,1.039059436250955059e+03
2.506000000000000000e+03,1.437689247785034013e+03
2.507000000000000000e+03,1.472312553233950666e+03
2.508000000000000000e+03,1.401823613961635147e+03
2.509000000000000000e+03,1.288908274718142366e+03
2.510000000000000000e+03,1.095389348401812413e+03
2.511000000000000000e+03,1.369996931578255726e+03
2.512000000000000000e+03,1.254546688709339151e+03
2.513000000000000000e+03,1.116008168756583473e+03
2.514000000000000000e+03,1.501572819149306952e+03
2.515000000000000000e+03,1.411400995610834570e+03
2.516000000000000000e+03,1.417072186878538332e+03
2.517000000000000000e+03,1.632769636481906900e+03
2.518000000000000000e+03,1.856075732161492851e+03
2.519000000000000000e+03,1.645676844001110339e+03
2.520000000000000000e+03,1.140672778630870198e+03
2.521000000000000000e+03,1.422849943972254778e+03
2.522000000000000000e+03,1.409532848879666517e+03
2.523000000000000000e+03,1.367886827180044747e+03
2.524000000000000000e+03,7.196839546844397546e+02
2.525000000000000000e+03,5.924032250836285129e+02
2.526000000000000000e+03,7.140725769004709491e+02
2.527000000000000000e+03,1.174916942628937932e+03
2.528000000000000000e+03,1.662278335913354340e+03
2.529000000000000000e+03,1.295774535151140071e+03
2.530000000000000000e+03,1.540715141765218732e+03
2.531000000000000000e+03,1.634453224347987771e+03
2.532000000000000000e+03,1.141551258895231967e+03
2.533000000000000000e+03,9.962892747718391320e+02
2.534000000000000000e+03,1.049467531435578394e+03
2.535000000000000000e+03,9.521814865987108760e+02
2.536000000000000000e+03,1.089330627294439637e+03
2.537000000000000000e+03,1.189778793937046203e+03
2.538000000000000000e+03,6.230299468861012429e+02
2.539000000000000000e+03,1.193041717150672866e+03
2.540000000000000000e+03,1.460590440906432150e+03
2.541000000000000000e+03,1.556703225281586811e+03
2.542000000000000000e+03,1.041227847359100679e+03
2.543000000000000000e+03,7.029097814764425038e+02
2.544000000000000000e+03,1.370139534179748125e+03
2.545000000000000000e+03,2.203276700017673193e+03
2.546000000000000000e+03,1.987388705178093915e+03
2.547000000000000000e+03,1.398312283369388979e+03
2.548000000000000000e+03,1.460194832544530527e+03
2.549000000000000000e+03,1.664022892099112141e+03
2.550000000000000000e+03,1.512360740741150948e+03
2.551000000000000000e+03,1.291267600197226329e+03
2.552000000000000000e+03,1.627860870966195534e+03
2.553000000000000000e+03,1.528672658429352396e+03
2.554000000000000000e+03,1.345470213433372464e+03
2.555000000000000000e+03,9.199561824606445271e+02
2.556000000000000000e+03,1.361829245703677771e+03
2.557000000000000000e+03,1.542290646072824529e+03
2.558000000000000000e+03,1.573789356693443779e+03
2.559000000000000000e+03,1.644053013602439933e+03
2.560000000000000000e+03,1.834097428675816673e+03
2.561000000000000000e+03,1.512754557601637316e+03
2.562000000000000000e+03,1.312825800880968018e+03
2.563000000000000000e+03,1.202646502006294895e+03
2.564000000000000000e+03,1.190323439248771592e+03
2.565000000000000000e+03,1.197021381114701626e+03
2.566000000000000000e+03,1.156947909389191409e+03
2.567000000000000000e+03,1.330838128388999621e+03
2.568000000000000000e+03,1.484747171015398180e+03
2.569000000000000000e+03,1.615019805574487691e+03
2.570000000000000000e+03,1.856245085109393585e+03
2.571000000000000000e+03,1.410394839056128149e+03
2.572000000000000000e+03,8.886240234877702733e+02
2.573000000000000000e+03,7.672142482152402181e+02
2.574000000000000000e+03,1.087468437024172090e+03
2.575000000000000000e+03,1.417540943015507310e+03
2.576000000000000000e+03,1.350402098120704295e+03
2.577000000000000000e+03,1.448700001899712333e+03
2.578000000000000000e+03,1.358224943274600264e+03
2.579000000000000000e+03,1.521054331755793783e+03
2.580000000000000000e+03,9.874434161887930941e+02
2.581000000000000000e+03,8.604411372543212337e+02
2.582000000000000000e+03,7.766431263035381107e+02
2.583000000000000000e+03,1.238080661891075579e+03
2.584000000000000000e+03,1.590048277092993430e+03
2.585000000000000000e+03,1.290440261749527281e+03
2.586000000000000000e+03,1.318789122580779122e+03
2.587000000000000000e+03,1.854933342533513951e+03
2.588000000000000000e+03,1.184596790244263275e+03
2.589000000000000000e+03,1.170704216608786965e+03
2.590000000000000000e+03,1.705681839665769303e+03
2.591000000000000000e+03,1.537815037978674582e+03
2.592000000000000000e+03,1.153316288671411485e+03
2.593000000000000000e+03,1.541613905184243777e+03
2.594000000000000000e+03,2.053295500278907639e+03
2.595000000000000000e+03,1.737583623687138243e+03
2.596000000000000000e+03,1.499295499907326075e+03
2.597000000000000000e+03,1.659468824131737165e+03
2.598000000000000000e+03,1.647481280466100998e+03
2.599000000000000000e+03,1.531068484665068127e+03
2.600000000000000000e+03,1.207772167452047825e+03
2.601000000000000000e+03,8.012318059766824945e+02
2.602000000000000000e+03,7.762386753923376546e+02
2.603000000000000000e+03,1.555187353221300555e+03
2.604000000000000000e+03,1.603909794257481735e+03
2.605000000000000000e+03,1.402826896603319483e+03
2.606000000000000000e+03,1.237085022857246486e+03
2.607000000000000000e+03,1.156672599716679997e+03
2.608000000000000000e+03,1.144976802660510884e+03
2.609000000000000000e+03,1.263071619496506855e+03
2.610000000000000000e+03,1.394460990245574521e+03
2.611000000000000000e+03,1.367190393682110880e+03
2.612000000000000000e+03,1.404230119143829825e+03
2.613000000000000000e+03,1.337873620545378799e+03
2.614000000000000000e+03,1.404378705224845589e+03
2.615000000000000000e+03,1.232392413819361536e+03
2.616000000000000000e+03,1.272755918622676745e+03
2.617000000000000000e+03,1.404814296435739379e+03
2.618000000000000000e+03,1.556787523337182392e+03
2.619000000000000000e+03,1.471108378806943847e+03
2.620000000000000000e+03,1.154615016718417337e+03
2.621000000000000000e+03,1.550550644627218389e+03
2.622000000000000000e+03,1.765057044108943046e+03
2.623000000000000000e+03,1.576923753958434872e+03
2.624000000000000000e+03,1.750455361503474705e+03
2.625000000000000000e+03,1.763661342482031841e+03
2.626000000000000000e+03,1.377207073682511464e+03
2.627000000000000000e+03,1.642073751330008236e+03
2.628000000000000000e+03,1.774270031623299246e+03
2.629000000000000000e+03,1.677773216045008212e+03
2.630000000000000000e+03,1.398111530204670089e+03
2.631000000000000000e+03,1.481682012630312556e+03
2.632000000000000000e+03,1.282274729073890740e+03
2.633000000000000000e+03,1.604933779951821634e+03
2.634000000000000000e+03,1.616102408532092568e+03
2.635000000000000000e+03,1.357710031389314054e+03
2.636000000000000000e+03,1.209409266524038003e+03
2.637000000000000000e+03,1.320932137896656968e+03
2.638000000000000000e+03,1.069708056819587910e+03
2.639000000000000000e+03,1.199363220492011123e+03
2.640000000000000000e+03,1.813121289122622557e+03
2.641000000000000000e+03,1.823540172249900706e+03
2.642000000000000000e+03,1.646307012518982674e+03
2.643000000000000000e+03,1.522630697598502366e+03
2.644000000000000000e+03,1.656969446600782703e+03
2.645000000000000000e+03,1.223185700260829890e+03
2.646000000000000000e+03,1.523909761654191698e+03
2.647000000000000000e+03,1.443742509047260910e+03
2.648000000000000000e+03,1.374695533771611053e+03
2.649000000000000000e+03,1.536884829741295107e+03
2.650000000000000000e+03,1.363314772610481441e+03
2.651000000000000000e+03,1.299779570768881285e+03
2.652000000000000000e+03,1.432827790173688072e+03
2.653000000000000000e+03,1.837027415826994002e+03
2.654000000000000000e+03,1.486229171283512869e+03
2.655000000000000000e+03,1.460601631101851808e+03
2.656000000000000000e+03,1.461378468835562671e+03
2.657000000000000000e+03,1.422760545671043019e+03
2.658000000000000000e+03,1.151160985129778282e+03
2.659000000000000000e+03,1.106000356802918532e+03
2.660000000000000000e+03,1.145510946886457759e+03
2.661000000000000000e+03,1.527050286322987859e+03
2.662000000000000000e+03,1.355812791260839049e+03
2.663000000000000000e+03,1.699996195808947505e+03
2.664000000000000000e+03,1.637696133091283855e+03
2.665000000000000000e+03,2.070900531927922657e+03
2.666000000000000000e+03,1.524077116614598026e+03
2.667000000000000000e+03,8.982522328769807700e+02
2.668000000000000000e+03,1.175663662169564759e+03
2.669000000000000000e+03,1.287599893468241817e+03
2.670000000000000000e+03,1.162501059725215555e+03
2.671000000000000000e+03,1.373796972578709529e+03
2.672000000000000000e+03,1.489207814493527394e+03
2.673000000000000000e+03,1.257592805110530890e+03
2.674000000000000000e+03,9.695801994713972363e+02
2.675000000000000000e+03,1.438375777715055392e+03
2.676000000000000000e+03,1.241646801862656503e+03
2.677000000000000000e+03,1.246024128990479085e+03
2.678000000000000000e+03,1.246911340791948760e+03
2.679000000000000000e+03,1.621371811667859447e+03
2.680000000000000000e+03,1.300465462662295977e+03
2.681000000000000000e+03,1.169633922930190693e+03
2.682000000000000000e+03,1.279979166286845157e+03
2.683000000000000000e+03,1.431446710478134946e+03
2.684000000000000000e+03,1.633803552143487877e+03
2.685000000000000000e+03,1.382966941260456451e+03
2.686000000000000000e+03,1.458718823928677693e+03
2.687000000000000000e+03,1.559141001246616952e+03
2.688000000000000000e+03,1.671826354878407528e+03
2.689000000000000000e+03,1.526775852694580635e+03
2.690000000000000000e+03,1.177168973498918831e+03
2.691000000000000000e+03,9.706729268651409939e+02
2.692000000000000000e+03,1.423419371077801770e+03
2.693000000000000000e+03,1.491437980931651055e+03
2.694000000000000000e+03,1.258954806579370143e+03
2.695000000000000000e+03,1.132782198484371975e+03
2.696000000000000000e+03,1.097438009809756750e+03
2.697000000000000000e+03,9.007231620985777454e+02
2.698000000000000000e+03,1.462899597782489536e+03
2.699000000000000000e+03,2.108212328488064486e+03
2.700000000000000000e+03,1.911065903805131029e+03
2.701000000000000000e+03,1.443503989931416754e+03
2.702000000000000000e+03,1.634187851210447207e+03
2.703000000000000000e+03,1.659867201767770439e+03
2.704000000000000000e+03,1.924926238643559827e+03
2.705000000000000000e+03,1.442259589192324256e+03
2.706000000000000000e+03,1.213693033405561891e+03
2.707000000000000000e+03,1.220918670586717099e+03
2.708000000000000000e+03,9.021192575697291431e+02
2.709000000000000000e+03,1.213942297369730568e+03
2.710000000000000000e+03,1.256708656750767659e+03
2.711000000000000000e+03,1.664809389546652028e+03
2.712000000000000000e+03,1.463275472567784618e+03
2.713000000000000000e+03,1.768999735418295359e+03
2.714000000000000000e+03,1.537459867633382601e+03
2.715000000000000000e+03,1.321654860805860835e+03
2.716000000000000000e+03,1.480796953369220091e+03
2.717000000000000000e+03,1.676870764524441256e+03
2.718000000000000000e+03,1.881275575346834785e+03
2.719000000000000000e+03,1.734204522471211703e+03
2.720000000000000000e+03,1.322093694770589082e+03
2.721000000000000000e+03,1.523374300818138181e+03
2.722000000000000000e+03,1.262303817643152342e+03
2.723000000000000000e+03,1.337803542652724900e+03
2.724000000000000000e+03,1.190555185973190873e+03
2.725000000000000000e+03,1.028189713570915956e+03
2.726000000000000000e+03,1.481238693571130170e+03
2.727000000000000000e+03,1.057189529290827750e+03
2.728000000000000000e+03,1.027860774825119961e+03
2.729000000000000000e+03,1.216274762067551364e+03
2.730000000000000000e+03,1.078086367748313023e+03
2.731000000000000000e+03,1.067888942535274055e+03
2.732000000000000000e+03,1.418821448603373256e+03
2.733000000000000000e+03,1.541486555672226359e+03
2.734000000000000000e+03,1.259248604586658985e+03
2.735000000000000000e+03,9.119873008150614169e+02
2.736000000000000000e+03,7.604635874186251385e+02
2.737000000000000000e+03,1.377586955671629539e+03
2.738000000000000000e+03,1.958802876020429039e+03
2.739000000000000000e+03,1.744632084357763461e+03
2.740000000000000000e+03,1.597688384696861021e+03
2.741000000000000000e+03,1.487567402782716727e+03
2.742000000000000000e+03,1.723308380372980764e+03
2.743000000000000000e+03,1.619526186941675178e+03
2.744000000000000000e+03,1.460977072939295340e+03
2.745000000000000000e+03,1.430489761785321434e+03
2.746000000000000000e+03,1.395432061352913024e+03
2.747000000000000000e+03,1.394214199805395083e+03
2.748000000000000000e+03,9.687829994438297945e+02
2.749000000000000000e+03,1.035300354563270957e+03
2.750000000000000000e+03,1.367059572288791060e+03
2.751000000000000000e+03,1.433489144236531274e+03
2.752000000000000000e+03,1.690067526857478242e+03
2.753000000000000000e+03,1.831735973892020866e+03
2.754000000000000000e+03,1.389182515598793998e+03
2.755000000000000000e+03,1.513583655874133001e+03
2.756000000000000000e+03,1.483529033442805030e+03
2.757000000000000000e+03,1.664587233104155075e+03
2.758000000000000000e+03,1.530408791699358744e+03
2.759000000000000000e+03,1.583006717605238464e+03
2.760000000000000000e+03,1.366460578327798203e+03
2.761000000000000000e+03,1.119899461715691359e+03
2.762000000000000000e+03,1.131338468054637360e+03
2.763000000000000000e+03,7.367910763150346156e+02
2.764000000000000000e+03,1.304817248767662022e+03
2.765000000000000000e+03,1.566844849402260706e+03
2.766000000000000000e+03,1.386944002978022809e+03
2.767000000000000000e+03,1.225895201645222642e+03
2.768000000000000000e+03,1.077002699747684574e+03
2.769000000000000000e+03,1.081143272300067110e+03
2.770000000000000000e+03,1.180132314866053321e+03
2.771000000000000000e+03,1.471972171470230933e+03
2.772000000000000000e+03,1.125241377974173020e+03
2.773000000000000000e+03,1.144021576193987585e+03
2.774000000000000000e+03,1.367099734733590140e+03
2.775000000000000000e+03,1.547061760456489083e+03
2.776000000000000000e+03,1.234490745566959504e+03
2.777000000000000000e+03,1.299724216952932466e+03
2.778000000000000000e+03,1.153173302959631201e+03
2.779000000000000000e+03,1.179141154961175516e+03
2.780000000000000000e+03,1.385509526273673373e+03
2.781000000000000000e+03,1.247950015205055934e+03
2.782000000000000000e+03,1.152271733745221354e+03
2.783000000000000000e+03,1.163476933236765944e+03
2.784000000000000000e+03,1.015099083797256981e+03
2.785000000000000000e+03,1.344415978034791124e+03
2.786000000000000000e+03,1.679288940503145568e+03
2.787000000000000000e+03,1.700063121639968585e+03
2.788000000000000000e+03,1.641234202791122470e+03
2.789000000000000000e+03,1.544085418915395394e+03
2.790000000000000000e+03,1.658400707582923815e+03
2.791000000000000000e+03,1.281338399662422717e+03
2.792000000000000000e+03,1.307860621175531605e+03
2.793000000000000000e+03,1.374604384082623938e+03
2.794000000000000000e+03,1.615227365095391406e+03
2.795000000000000000e+03,1.563272168840957875e+03
2.796000000000000000e+03,1.720430236446411527e+03
2.797000000000000000e+03,1.563383009376237169e+03
2.798000000000000000e+03,1.511436061030114615e+03
2.799000000000000000e+03,1.206817559059109726e+03
2.800000000000000000e+03,1.561225730207494962e+03
2.801000000000000000e+03,1.739452394635378369e+03
2.802000000000000000e+03,1.339566251119968911e+03
2.803000000000000000e+03,1.046302156246085360e+03
2.804000000000000000e+03,1.271355379918097697e+03
2.805000000000000000e+03,1.563603538928565058e+03
2.806000000000000000e+03,2.140316859474212833e+03
2.807000000000000000e+03,1.915126816155789811e+03
2.808000000000000000e+03,1.446134563973969762e+03
2.809000000000000000e+03,1.546061425482036611e+03
2.810000000000000000e+03,1.894782551059987554e+03
2.811000000000000000e+03,2.295780233323897846e+03
2.812000000000000000e+03,2.495349658976238061e+03
2.813000000000000000e+03,1.545416670721883520e+03
2.814000000000000000e+03,6.528961076477206689e+02
2.815000000000000000e+03,1.062112632022207663e+03
2.816000000000000000e+03,8.781351240531826079e+02
2.817000000000000000e+03,5.975129208504010876e+02
2.818000000000000000e+03,7.750317720818227372e+02
2.819000000000000000e+03,1.340716005164372746e+03
2.820000000000000000e+03,1.715309353628656027e+03
2.821000000000000000e+03,1.984111914121051541e+03
2.822000000000000000e+03,2.047526872606102870e+03
2.823000000000000000e+03,1.692922412079465857e+03
2.824000000000000000e+03,1.210527052340302816e+03
2.825000000000000000e+03,8.838406808586953503e+02
2.826000000000000000e+03,4.651669423263035128e+02
2.827000000000000000e+03,1.018402740935061729e+03
2.828000000000000000e+03,1.458145056246675495e+03
2.829000000000000000e+03,1.540941746776251421e+03
2.830000000000000000e+03,1.512702742561093146e+03
2.831000000000000000e+03,1.809238288361968216e+03
2.832000000000000000e+03,1.994328734892121702e+03
2.833000000000000000e+03,1.707350145592572972e+03
2.834000000000000000e+03,1.573873525606960811e+03
2.835000000000000000e+03,1.831593637388106117e+03
2.836000000000000000e+03,1.430714013536299262e+03
2.837000000000000000e+03,1.662923946534492188e+03
2.838000000000000000e+03,1.471431359772499491e+03
2.839000000000000000e+03,1.970755741266994164e+03
2.840000000000000000e+03,2.167477890373395894e+03
2.841000000000000000e+03,1.822207788336909516e+03
2.842000000000000000e+03,1.749162324522647395e+03
2.843000000000000000e+03,1.903091468503728038e+03
2.844000000000000000e+03,1.784110265577978225e+03
2.845000000000000000e+03,1.797465741484008049e+03
2.846000000000000000e+03,1.682844796932869258e+03
2.847000000000000000e+03,1.675397101188339093e+03
2.848000000000000000e+03,1.168723551481646837e+03
2.849000000000000000e+03,1.299006736981599488e+03
2.850000000000000000e+03,1.323009730578163044e+03
2.851000000000000000e+03,1.255565842221859839e+03
2.852000000000000000e+03,1.023508314811792047e+03
2.853000000000000000e+03,1.336178891722149956e+03
2.854000000000000000e+03,1.574532100759529385e+03
2.855000000000000000e+03,1.567447941050329746e+03
2.856000000000000000e+03,1.501215554303271801e+03
2.857000000000000000e+03,1.191477856325445146e+03
2.858000000000000000e+03,1.422513131270625991e+03
2.859000000000000000e+03,1.754659746985571928e+03
2.860000000000000000e+03,1.745269940464686897e+03
2.861000000000000000e+03,1.621047996085112118e+03
2.862000000000000000e+03,1.480601544348825200e+03
2.863000000000000000e+03,1.212777543631999379e+03
2.864000000000000000e+03,1.338582738371168034e+03
2.865000000000000000e+03,1.522909441184293883e+03
2.866000000000000000e+03,1.607613007816423760e+03
2.867000000000000000e+03,1.276639486414388330e+03
2.868000000000000000e+03,1.179142788295323498e+03
2.869000000000000000e+03,1.301084780679584583e+03
2.870000000000000000e+03,1.323922367656443157e+03
2.871000000000000000e+03,1.494655910333956172e+03
2.872000000000000000e+03,1.402575385757611684e+03
2.873000000000000000e+03,1.653272401273314017e+03
2.874000000000000000e+03,1.858542241943109730e+03
2.875000000000000000e+03,1.885852346536674759e+03
2.876000000000000000e+03,1.916773423829299645e+03
2.877000000000000000e+03,1.638902727948250003e+03
2.878000000000000000e+03,1.459312366430303882e+03
2.879000000000000000e+03,1.009920720427389142e+03
2.880000000000000000e+03,8.480868346877655313e+02
2.881000000000000000e+03,1.536881286361741786e+03
2.882000000000000000e+03,1.185235496687014120e+03
2.883000000000000000e+03,9.568486345438127501e+02
2.884000000000000000e+03,1.437236035942069975e+03
2.885000000000000000e+03,1.615885998629379856e+03
2.886000000000000000e+03,1.535801085835250888e+03
2.887000000000000000e+03,1.197149567223253143e+03
2.888000000000000000e+03,1.077763072250207870e+03
2.889000000000000000e+03,9.666410708148212052e+02
2.890000000000000000e+03,1.114954898577034783e+03
2.891000000000000000e+03,1.161627993305543896e+03
2.892000000000000000e+03,1.157617956623300870e+03
2.893000000000000000e+03,1.252711947549831393e+03
2.894000000000000000e+03,1.904073210976379414e+03
2.895000000000000000e+03,1.695470901699911792e+03
2.896000000000000000e+03,1.392831062716061297e+03
2.897000000000000000e+03,1.443154843646220343e+03
2.898000000000000000e+03,1.679057428441078173e+03
2.899000000000000000e+03,1.532101151818370454e+03
2.900000000000000000e+03,9.739845148114437734e+02
2.901000000000000000e+03,1.141585247137285933e+03
2.902000000000000000e+03,1.561037560726951824e+03
2.903000000000000000e+03,1.576080435889636647e+03
2.904000000000000000e+03,1.270838627618466944e+03
2.905000000000000000e+03,1.351898252869888438e+03
2.906000000000000000e+03,1.489588168718265251e+03
2.907000000000000000e+03,1.290040023369391747e+03
2.908000000000000000e+03,1.355619704327909858e+03
2.909000000000000000e+03,1.428495672316371611e+03
2.910000000000000000e+03,2.072877622196816901e+03
2.911000000000000000e+03,1.816379482910746901e+03
2.912000000000000000e+03,1.163824704593824436e+03
2.913000000000000000e+03,1.741913460902303768e+03
2.914000000000000000e+03,2.111475191431725762e+03
2.915000000000000000e+03,1.914025969201959924e+03
2.916000000000000000e+03,1.834568399520580442e+03
2.917000000000000000e+03,1.995755526973795213e+03
2.918000000000000000e+03,1.599635876078811179e+03
2.919000000000000000e+03,1.603410855134469102e+03
2.920000000000000000e+03,1.188993456835948791e+03
2.921000000000000000e+03,1.442878865522825208e+03
2.922000000000000000e+03,1.576220349967491984e+03
2.923000000000000000e+03,1.148785202029631137e+03
2.924000000000000000e+03,1.309851952671103163e+03
2.925000000000000000e+03,1.243971521022357820e+03
2.926000000000000000e+03,1.345366586435333602e+03
2.927000000000000000e+03,1.446606191662971924e+03
2.928000000000000000e+03,1.123865329760624945e+03
2.929000000000000000e+03,1.518917165474795183e+03
2.930000000000000000e+03,2.126471594511014700e+03
2.931000000000000000e+03,2.334836131635894617e+03
2.932000000000000000e+03,1.411038467281159456e+03
2.933000000000000000e+03,9.914542306739938340e+02
2.934000000000000000e+03,1.120633785651583821e+03
2.935000000000000000e+03,1.634277035294040843e+03
2.936000000000000000e+03,1.692319514323823569e+03
2.937000000000000000e+03,1.163603600358608446e+03
2.938000000000000000e+03,9.425848102689855068e+02
2.939000000000000000e+03,1.059496882131708617e+03
2.940000000000000000e+03,9.309836975472850327e+02
2.941000000000000000e+03,1.221496194190866618e+03
2.942000000000000000e+03,1.652145266229852723e+03
2.943000000000000000e+03,2.204833913625194327e+03
2.944000000000000000e+03,2.513341574286057948e+03
2.945000000000000000e+03,2.290046657315245739e+03
2.946000000000000000e+03,1.923175002734995815e+03
2.947000000000000000e+03,1.781908666405928443e+03
2.948000000000000000e+03,2.440691604610614831e+03
2.949000000000000000e+03,2.244017779118694307e+03
2.950000000000000000e+03,2.067769111334842364e+03
2.951000000000000000e+03,1.905171796758200117e+03
2.952000000000000000e+03,2.201148011749547550e+03
2.953000000000000000e+03,2.401380797288859867e+03
2.954000000000000000e+03,2.409368903404082630e+03
2.955000000000000000e+03,2.297096828438483499e+03
2.956000000000000000e+03,2.271134626735548409e+03
2.957000000000000000e+03,2.250504780578977261e+03
2.958000000000000000e+03,2.124668437343249934e+03
2.959000000000000000e+03,2.342901392349834168e+03
2.960000000000000000e+03,2.571102592932300468e+03
2.961000000000000000e+03,2.059213906435639274e+03
2.962000000000000000e+03,1.944805314663738500e+03
2.963000000000000000e+03,2.425337314732403684e+03
2.964000000000000000e+03,2.299421328836509474e+03
2.965000000000000000e+03,2.038181449554090250e+03
2.966000000000000000e+03,1.969351222073408735e+03
2.967000000000000000e+03,2.240347682429954602e+03
2.968000000000000000e+03,2.183295560817876321e+03
2.969000000000000000e+03,1.961197495743394711e+03
2.970000000000000000e+03,1.701420329789873449e+03
2.971000000000000000e+03,1.801777776247987276e+03
2.972000000000000000e+03,1.917746661209431295e+03
2.973000000000000000e+03,1.797728406917817665e+03
2.974000000000000000e+03,1.896600158743880456e+03
2.975000000000000000e+03,1.731862065110698268e+03
2.976000000000000000e+03,1.752678655634758570e+03
2.977000000000000000e+03,1.943588065852267164e+03
2.978000000000000000e+03,1.900651664999860259e+03
2.979000000000000000e+03,2.172569395384018662e+03
2.980000000000000000e+03,2.368773742766160467e+03
2.981000000000000000e+03,2.155443711989636540e+03
2.982000000000000000e+03,2.122342711393568152e+03
2.983000000000000000e+03,2.998542039306449624e+03
2.984000000000000000e+03,2.817969725697303602e+03
2.985000000000000000e+03,2.330578835975933089e+03
2.986000000000000000e+03,2.209446856135571579e+03
2.987000000000000000e+03,2.065156750546185776e+03
2.988000000000000000e+03,2.426780957754912379e+03
2.989000000000000000e+03,2.647404576789765088e+03
2.990000000000000000e+03,2.487263644244330408e+03
2.991000000000000000e+03,2.457042371437932161e+03
2.992000000000000000e+03,2.905103787083381576e+03
2.993000000000000000e+03,2.801964088508147142e+03
2.994000000000000000e+03,2.626082808371685587e+03
2.995000000000000000e+03,2.567108845531311090e+03
2.996000000000000000e+03,3.124436105039111226e+03
2.997000000000000000e+03,2.893747981655401418e+03
2.998000000000000000e+03,2.862680639871382482e+03
2.999000000000000000e+03,2.742548760813258468e+03
3.000000000000000000e+03,2.312507982745576555e+03
3.001000000000000000e+03,1.987043527041885682e+03
3.002000000000000000e+03,2.238122098720831673e+03
3.003000000000000000e+03,2.239871404899857680e+03
3.004000000000000000e+03,2.531215972710360347e+03
3.005000000000000000e+03,2.201922286283919220e+03
3.006000000000000000e+03,1.905270174184502594e+03
3.007000000000000000e+03,2.050036933780592790e+03
3.008000000000000000e+03,1.824677699371310837e+03
3.009000000000000000e+03,1.789963461054921709e+03
3.010000000000000000e+03,2.169115778866236724e+03
3.011000000000000000e+03,1.793786257799013583e+03
3.012000000000000000e+03,2.100376542541504932e+03
3.013000000000000000e+03,2.241111844860929523e+03
3.014000000000000000e+03,1.738400440862098776e+03
3.015000000000000000e+03,2.199636789240636972e+03
3.016000000000000000e+03,2.678112254289648718e+03
3.017000000000000000e+03,2.041521539760413361e+03
3.018000000000000000e+03,1.990908314296316348e+03
3.019000000000000000e+03,2.123780485430627778e+03
3.020000000000000000e+03,2.072255000052785363e+03
3.021000000000000000e+03,2.081026280827697519e+03
3.022000000000000000e+03,1.661433247798894854e+03
3.023000000000000000e+03,1.798430718957246654e+03
3.024000000000000000e+03,2.354828135043449947e+03
3.025000000000000000e+03,2.259288686945028985e+03
3.026000000000000000e+03,2.371474933360388150e+03
3.027000000000000000e+03,2.172527525545424396e+03
3.028000000000000000e+03,2.020809465603951821e+03
3.029000000000000000e+03,2.233714172181125832e+03
3.030000000000000000e+03,2.246767650194568887e+03
3.031000000000000000e+03,2.404934200116579177e+03
3.032000000000000000e+03,2.216940009250849016e+03
3.033000000000000000e+03,2.503652351260350315e+03
3.034000000000000000e+03,2.504572913510442049e+03
3.035000000000000000e+03,2.124785011518579722e+03
3.036000000000000000e+03,2.193443951498175466e+03
3.037000000000000000e+03,2.296919040513083473e+03
3.038000000000000000e+03,2.351267395297325038e+03
3.039000000000000000e+03,2.277102515139845309e+03
3.040000000000000000e+03,2.383583955330902427e+03
3.041000000000000000e+03,1.984092270810603623e+03
3.042000000000000000e+03,1.976670450108512568e+03
3.043000000000000000e+03,1.743156802345564074e+03
3.044000000000000000e+03,1.770423806726519388e+03
3.045000000000000000e+03,2.044326432616764578e+03
3.046000000000000000e+03,2.505323084115162601e+03
3.047000000000000000e+03,1.948671025914904931e+03
3.048000000000000000e+03,2.272817564335433417e+03
3.049000000000000000e+03,2.371252181715170991e+03
3.050000000000000000e+03,1.867619513126551510e+03
3.051000000000000000e+03,1.354836641116467717e+03
3.052000000000000000e+03,1.411258154851797144e+03
3.053000000000000000e+03,1.880555262919229790e+03
3.054000000000000000e+03,1.876674503480118801e+03
3.055000000000000000e+03,2.116591566767322092e+03
3.056000000000000000e+03,1.955677620213074078e+03
3.057000000000000000e+03,1.748378805478429740e+03
3.058000000000000000e+03,1.940577496069368863e+03
3.059000000000000000e+03,2.203851547699881394e+03
3.060000000000000000e+03,2.034239196375668598e+03
3.061000000000000000e+03,1.776450120506727444e+03
3.062000000000000000e+03,2.181652329904473845e+03
3.063000000000000000e+03,1.837365997871210993e+03
3.064000000000000000e+03,2.001361057121377826e+03
3.065000000000000000e+03,2.217677380405485110e+03
3.066000000000000000e+03,2.177782780242393073e+03
3.067000000000000000e+03,1.755389783660229568e+03
3.068000000000000000e+03,1.996555359801470104e+03
3.069000000000000000e+03,1.948991166014834107e+03
3.070000000000000000e+03,2.034078513780580352e+03
3.071000000000000000e+03,1.965441341782822292e+03
3.072000000000000000e+03,1.561298175202231732e+03
3.073000000000000000e+03,1.721737411089733541e+03
3.074000000000000000e+03,1.762603052758307967e+03
3.075000000000000000e+03,1.587827201773959587e+03
3.076000000000000000e+03,1.299975151219592135e+03
3.077000000000000000e+03,1.822521670634242355e+03
3.078000000000000000e+03,1.757441094869111566e+03
3.079000000000000000e+03,1.819450022411176633e+03
3.080000000000000000e+03,1.781445486333110011e+03
3.081000000000000000e+03,1.602669303009715577e+03
3.082000000000000000e+03,1.818971819145093605e+03
3.083000000000000000e+03,2.182546380507709273e+03
3.084000000000000000e+03,2.276214545072089095e+03
3.085000000000000000e+03,1.824281775677023006e+03
3.086000000000000000e+03,1.475161970059271880e+03
3.087000000000000000e+03,1.330421499552640626e+03
3.088000000000000000e+03,1.167929959814651966e+03
3.089000000000000000e+03,1.542109307125504756e+03
3.090000000000000000e+03,1.507183953969726417e+03
3.091000000000000000e+03,1.554508983802922330e+03
3.092000000000000000e+03,1.869962646186984102e+03
3.093000000000000000e+03,1.782969035164666820e+03
3.094000000000000000e+03,1.597926346567223391e+03
3.095000000000000000e+03,1.264508702872339427e+03
3.096000000000000000e+03,1.304449209441348330e+03
3.097000000000000000e+03,1.571704157834650232e+03
3.098000000000000000e+03,1.167389071148597395e+03
3.099000000000000000e+03,1.229359450309583281e+03
3.100000000000000000e+03,1.549369667058609821e+03
3.101000000000000000e+03,1.890649403170555843e+03
3.102000000000000000e+03,1.810193904062945876e+03
3.103000000000000000e+03,1.200548993747873283e+03
3.104000000000000000e+03,1.300892373869683524e+03
3.105000000000000000e+03,1.387571444465760578e+03
3.106000000000000000e+03,1.080412894304731935e+03
3.107000000000000000e+03,1.111055166639602476e+03
3.108000000000000000e+03,1.404439706886876820e+03
3.109000000000000000e+03,1.850058437456682668e+03
3.110000000000000000e+03,1.599498899005134035e+03
3.111000000000000000e+03,1.523296954806114172e+03
3.112000000000000000e+03,1.719675826669749995e+03
3.113000000000000000e+03,1.942859563210610759e+03
3.114000000000000000e+03,1.866967473959094377e+03
3.115000000000000000e+03,1.738242171332338330e+03
3.116000000000000000e+03,1.851567143206028732e+03
3.117000000000000000e+03,2.201964297689354680e+03
3.118000000000000000e+03,2.234576581269395319e+03
3.119000000000000000e+03,2.217923957784751110e+03
3.120000000000000000e+03,1.986496635748336075e+03
3.121000000000000000e+03,1.907635542811832238e+03
3.122000000000000000e+03,1.923912960320791626e+03
3.123000000000000000e+03,1.542455262586727486e+03
3.124000000000000000e+03,1.047685772369255119e+03
3.125000000000000000e+03,1.108093953706036473e+03
3.126000000000000000e+03,1.429633160605553712e+03
3.127000000000000000e+03,1.887355897348105373e+03
3.128000000000000000e+03,1.669611355779412179e+03
3.129000000000000000e+03,1.451875147823581756e+03
3.130000000000000000e+03,1.552462283208095187e+03
3.131000000000000000e+03,1.596105768761900663e+03
3.132000000000000000e+03,1.485546802734079847e+03
3.133000000000000000e+03,1.438423027243704610e+03
3.134000000000000000e+03,1.649372801200281629e+03
3.135000000000000000e+03,1.730878203326823495e+03
3.136000000000000000e+03,1.738513458665939197e+03
3.137000000000000000e+03,1.889883613925542249e+03
3.138000000000000000e+03,2.205378576746845283e+03
3.139000000000000000e+03,2.059260876262130296e+03
3.140000000000000000e+03,1.727629704199158368e+03
3.141000000000000000e+03,1.269215424044140946e+03
3.142000000000000000e+03,1.405712885273415168e+03
3.143000000000000000e+03,1.410093308234949745e+03
3.144000000000000000e+03,1.589572003002900601e+03
3.145000000000000000e+03,1.126899370974941121e+03
3.146000000000000000e+03,1.272540268911327530e+03
3.147000000000000000e+03,1.634971125119624276e+03
3.148000000000000000e+03,1.485969285155454827e+03
3.149000000000000000e+03,1.431869847587761797e+03
3.150000000000000000e+03,1.593310861663510650e+03
3.151000000000000000e+03,1.838692816106793998e+03
3.152000000000000000e+03,1.889314127292311014e+03
3.153000000000000000e+03,1.476113448483226875e+03
3.154000000000000000e+03,1.433199526833612481e+03
3.155000000000000000e+03,1.657375571892415337e+03
3.156000000000000000e+03,1.850413826499467859e+03
3.157000000000000000e+03,1.306056914444448694e+03
3.158000000000000000e+03,1.525465801380480343e+03
3.159000000000000000e+03,1.487300955573937017e+03
3.160000000000000000e+03,1.352771804907790283e+03
3.161000000000000000e+03,1.368643747602715621e+03
3.162000000000000000e+03,2.189259492408116330e+03
3.163000000000000000e+03,2.221993706225376172e+03
3.164000000000000000e+03,2.091672384637431605e+03
3.165000000000000000e+03,1.482639630789975172e+03
3.166000000000000000e+03,1.599212580432538289e+03
3.167000000000000000e+03,2.154320644452164288e+03
3.168000000000000000e+03,2.005220452515257648e+03
3.169000000000000000e+03,1.775331362127504008e+03
3.170000000000000000e+03,1.351744946463291399e+03
3.171000000000000000e+03,1.748298168956672953e+03
3.172000000000000000e+03,1.602578294187819893e+03
3.173000000000000000e+03,1.556115460201274118e+03
3.174000000000000000e+03,1.396551639451461142e+03
3.175000000000000000e+03,1.788882430113431838e+03
3.176000000000000000e+03,1.822584925525133485e+03
3.177000000000000000e+03,1.588955514717669530e+03
3.178000000000000000e+03,1.999019073763807910e+03
3.179000000000000000e+03,2.154572654828500163e+03
3.180000000000000000e+03,2.265894272815244221e+03
3.181000000000000000e+03,1.970675938046767442e+03
3.182000000000000000e+03,1.698093380314218166e+03
3.183000000000000000e+03,1.484644695225707892e+03
3.184000000000000000e+03,1.737801339500762197e+03
3.185000000000000000e+03,1.558848538244377778e+03
3.186000000000000000e+03,1.394419376828525856e+03
3.187000000000000000e+03,1.557846312961179365e+03
3.188000000000000000e+03,1.851944919340259958e+03
3.189000000000000000e+03,2.078050396692778577e+03
3.190000000000000000e+03,1.901170392726595082e+03
3.191000000000000000e+03,2.107078242707627851e+03
3.192000000000000000e+03,1.977896722892586695e+03
3.193000000000000000e+03,1.740503076888782289e+03
3.194000000000000000e+03,1.778435656297072910e+03
3.195000000000000000e+03,1.759441813264494385e+03
3.196000000000000000e+03,1.460997162475412779e+03
3.197000000000000000e+03,1.703913507262545863e+03
3.198000000000000000e+03,2.198154972323910442e+03
3.199000000000000000e+03,2.111077504187454451e+03
3.200000000000000000e+03,1.712482964293299347e+03
3.201000000000000000e+03,1.862705702827004188e+03
3.202000000000000000e+03,2.164002053377857465e+03
3.203000000000000000e+03,1.853974249032083208e+03
3.204000000000000000e+03,1.847196112459027063e+03
3.205000000000000000e+03,1.499383290204172226e+03
3.206000000000000000e+03,1.711412545133792946e+03
3.207000000000000000e+03,2.241431781260466323e+03
3.208000000000000000e+03,2.042793725416168854e+03
3.209000000000000000e+03,1.901524297909325696e+03
3.210000000000000000e+03,1.747093106390081857e+03
3.211000000000000000e+03,1.634684074390198930e+03
3.212000000000000000e+03,1.716875682573339645e+03
3.213000000000000000e+03,1.602287996617417321e+03
3.214000000000000000e+03,1.774864218920987241e+03
3.215000000000000000e+03,1.893124947967087337e+03
3.216000000000000000e+03,1.829300405815758040e+03
3.217000000000000000e+03,1.121369908209200048e+03
3.218000000000000000e+03,1.388583238507429314e+03
3.219000000000000000e+03,1.505687252015517288e+03
3.220000000000000000e+03,1.535776515160913277e+03
3.221000000000000000e+03,1.615975137135756995e+03
3.222000000000000000e+03,1.786109833164518022e+03
3.223000000000000000e+03,1.249848700291629484e+03
3.224000000000000000e+03,1.285927692355993486e+03
3.225000000000000000e+03,1.655375660647298446e+03
3.226000000000000000e+03,1.527418123647204311e+03
3.227000000000000000e+03,1.361526197351190831e+03
3.228000000000000000e+03,2.108793880499235911e+03
3.229000000000000000e+03,2.195859435205808495e+03
3.230000000000000000e+03,1.888862991234735773e+03
3.231000000000000000e+03,1.808274279526867986e+03
3.232000000000000000e+03,1.954742113575092390e+03
3.233000000000000000e+03,1.853224082229500709e+03
3.234000000000000000e+03,2.054625684408137204e+03
3.235000000000000000e+03,2.132555156032217383e+03
3.236000000000000000e+03,1.844766872067446002e+03
3.237000000000000000e+03,1.909829983807804410e+03
3.238000000000000000e+03,2.006022079396962454e+03
3.239000000000000000e+03,2.814223886471985679e+03
3.240000000000000000e+03,2.489920651835549506e+03
3.241000000000000000e+03,1.903861127572518853e+03
3.242000000000000000e+03,1.345305984899586520e+03
3.243000000000000000e+03,1.678466786123472730e+03
3.244000000000000000e+03,1.934419127408614031e+03
3.245000000000000000e+03,1.867252627262189208e+03
3.246000000000000000e+03,1.848031125213228734e+03
3.247000000000000000e+03,1.834339328940715404e+03
3.248000000000000000e+03,1.730477063614445115e+03
3.249000000000000000e+03,1.710754660360874141e+03
3.250000000000000000e+03,2.086594020756744612e+03
3.251000000000000000e+03,2.172530257109026024e+03
3.252000000000000000e+03,1.813586235326445831e+03
3.253000000000000000e+03,1.791111349567576781e+03
3.254000000000000000e+03,1.955028623882468082e+03
3.255000000000000000e+03,2.295798612946838148e+03
3.256000000000000000e+03,2.193205368063492642e+03
3.257000000000000000e+03,2.070790332541486350e+03
3.258000000000000000e+03,1.976830126449515319e+03
3.259000000000000000e+03,1.473908652175568250e+03
3.260000000000000000e+03,1.479102368862532785e+03
3.261000000000000000e+03,1.737680382449650779e+03
3.262000000000000000e+03,1.740894275838874137e+03
3.263000000000000000e+03,2.188358276279428537e+03
3.264000000000000000e+03,2.579093098970105984e+03
3.265000000000000000e+03,2.118141512989800049e+03
3.266000000000000000e+03,1.856112628203559325e+03
3.267000000000000000e+03,2.201414361164430829e+03
3.268000000000000000e+03,2.302858868946528673e+03
3.269000000000000000e+03,2.151796141118608375e+03
3.270000000000000000e+03,1.637128796902329668e+03
3.271000000000000000e+03,1.782222050859321598e+03
3.272000000000000000e+03,1.910521175356883305e+03
3.273000000000000000e+03,1.812527343946902192e+03
3.274000000000000000e+03,1.670578668599069715e+03
3.275000000000000000e+03,2.121229169073546927e+03
3.276000000000000000e+03,2.263618325670411650e+03
3.277000000000000000e+03,1.689314832117096330e+03
3.278000000000000000e+03,2.187511541917240720e+03
3.279000000000000000e+03,2.238878585101102090e+03
3.280000000000000000e+03,2.410519227728694204e+03
3.281000000000000000e+03,2.279150865163867820e+03
3.282000000000000000e+03,2.202440214332541018e+03
3.283000000000000000e+03,2.109063367334302256e+03
3.284000000000000000e+03,2.190364202730805118e+03
3.285000000000000000e+03,1.716764081169778137e+03
3.286000000000000000e+03,1.676110735940189443e+03
3.287000000000000000e+03,2.747232413629771145e+03
3.288000000000000000e+03,2.868405131617372263e+03
3.289000000000000000e+03,2.506569877721942703e+03
3.290000000000000000e+03,2.563283392243795788e+03
3.291000000000000000e+03,2.502146821588599323e+03
3.292000000000000000e+03,2.364235752477066853e+03
3.293000000000000000e+03,2.481707538366194967e+03
3.294000000000000000e+03,2.395864166216167632e+03
3.295000000000000000e+03,2.012804530118721232e+03
3.296000000000000000e+03,2.748357678115846284e+03
3.297000000000000000e+03,2.872145051837142546e+03
3.298000000000000000e+03,2.880291484836062864e+03
3.299000000000000000e+03,2.617681891168530910e+03
3.300000000000000000e+03,2.345789911067603953e+03
3.301000000000000000e+03,2.194242182362141193e+03
3.302000000000000000e+03,2.324515376745286630e+03
3.303000000000000000e+03,2.390670365242551270e+03
3.304000000000000000e+03,2.560578679408553398e+03
3.305000000000000000e+03,2.558701499209988469e+03
3.306000000000000000e+03,2.769554830297051922e+03
3.307000000000000000e+03,2.592341184765331946e+03
3.308000000000000000e+03,2.286702043775248057e+03
3.309000000000000000e+03,2.402346720995322812e+03
3.310000000000000000e+03,2.258274997721383897e+03
3.311000000000000000e+03,2.027650816702935799e+03
3.312000000000000000e+03,1.856434327096487095e+03
3.313000000000000000e+03,1.775768680202232645e+03
3.314000000000000000e+03,1.542497787556146250e+03
3.315000000000000000e+03,1.716327430962745666e+03
3.316000000000000000e+03,1.980179384881579608e+03
3.317000000000000000e+03,2.165619443782079998e+03
3.318000000000000000e+03,1.732751308037013359e+03
3.319000000000000000e+03,1.516246635272789035e+03
3.320000000000000000e+03,1.417187902853883088e+03
3.321000000000000000e+03,1.518285167896455505e+03
3.322000000000000000e+03,1.596077769040038902e+03
3.323000000000000000e+03,1.291466111738543759e+03
3.324000000000000000e+03,1.380000771516339000e+03
3.325000000000000000e+03,1.672937165876067638e+03
3.326000000000000000e+03,1.823861309058936513e+03
3.327000000000000000e+03,1.731171424468124087e+03
3.328000000000000000e+03,1.609652155757348737e+03
3.329000000000000000e+03,1.226688984318742314e+03
3.330000000000000000e+03,1.624243983002879304e+03
3.331000000000000000e+03,1.776419208030546542e+03
3.332000000000000000e+03,2.026298422979083853e+03
3.333000000000000000e+03,2.029116227012662648e+03
3.334000000000000000e+03,2.634687091821858758e+03
3.335000000000000000e+03,3.154434863887024221e+03
3.336000000000000000e+03,3.076835868533041321e+03
3.337000000000000000e+03,2.780554638232806155e+03
3.338000000000000000e+03,3.025228745845887715e+03
3.339000000000000000e+03,3.098666715746994669e+03
3.340000000000000000e+03,3.012362888629922509e+03
3.341000000000000000e+03,3.198851507562265397e+03
3.342000000000000000e+03,3.043418965101855520e+03
3.343000000000000000e+03,3.083221617455794785e+03
3.344000000000000000e+03,3.930255415340772288e+03
3.345000000000000000e+03,4.109364986138211862e+03
3.346000000000000000e+03,3.443924728823717942e+03
3.347000000000000000e+03,3.408507706584135121e+03
3.348000000000000000e+03,3.122682810187245650e+03
3.349000000000000000e+03,2.951407534197864152e+03
3.350000000000000000e+03,2.386844740962922060e+03
3.351000000000000000e+03,2.386844740962922060e+03
